,startphrase,ending1,ending2,labels,predicted label
0,tampangnya seperti Hello Kitty .,tampangnya garang.,tampangnya halus.,1,0
1,tampangnya seperti Hello Kitty .,tampangnya garang.,tampangnya halus.,1,0
2,tampangnya seperti Hello Kitty .,tampangnya garang.,tampangnya halus.,1,0
3,tampangnya seperti Hello Kitty .,tampangnya garang.,tampangnya halus.,1,0
4,tampangnya seperti Hello Kitty .,tampangnya garang.,tampangnya halus.,1,1
5,tampangnya seperti Hello Kitty .,tampangnya garang.,tampangnya halus.,1,1
6,tampangnya seperti Hello Kitty .,tampangnya garang.,tampangnya halus.,1,1
7,tampangnya seperti Hello Kitty .,tampangnya garang.,tampangnya halus.,1,0
8,tampangnya seperti Hello Kitty .,tampangnya garang.,tampangnya halus.,1,0
9,tampangnya seperti Hello Kitty .,tampangnya garang.,tampangnya halus.,1,1
10,tampangnya seperti Hello Kitty .,tampangnya garang.,tampangnya halus.,1,0
11,tampangnya seperti Hello Kitty .,tampangnya garang.,tampangnya halus.,1,0
12,tampangnya seperti Hello Kitty .,tampangnya garang.,tampangnya halus.,1,1
13,tampangnya seperti Hello Kitty .,tampangnya garang.,tampangnya halus.,1,1
14,tampangnya seperti Hello Kitty .,tampangnya garang.,tampangnya halus.,1,0
15,tampangnya seperti Hello Kitty .,tampangnya garang.,tampangnya halus.,1,0
16,tampangnya seperti Hello Kitty .,tampangnya garang.,tampangnya halus.,1,1
17,tampangnya seperti Hello Kitty .,tampangnya garang.,tampangnya halus.,1,1
18,tampangnya seperti Hello Kitty .,tampangnya garang.,tampangnya halus.,1,1
19,tampangnya seperti Hello Kitty .,tampangnya garang.,tampangnya halus.,1,1
20,tampangnya seperti Hello Kitty .,tampangnya garang.,tampangnya halus.,1,0
21,tampangnya seperti Hello Kitty .,tampangnya garang.,tampangnya halus.,1,0
22,tampangnya seperti Hello Kitty .,tampangnya garang.,tampangnya halus.,1,1
23,tampangnya seperti Hello Kitty .,tampangnya garang.,tampangnya halus.,1,1
24,tampangnya seperti Hello Kitty .,tampangnya garang.,tampangnya halus.,1,1
25,tampangnya seperti Hello Kitty .,tampangnya garang.,tampangnya halus.,1,1
26,tampangnya seperti Hello Kitty .,tampangnya garang.,tampangnya halus.,1,1
27,tampangnya seperti Hello Kitty .,tampangnya garang.,tampangnya halus.,1,1
28,tampangnya seperti Hello Kitty .,tampangnya garang.,tampangnya halus.,1,1
29,tampangnya seperti Hello Kitty .,tampangnya garang.,tampangnya halus.,1,1
30,tampangnya seperti Hello Kitty .,tampangnya garang.,tampangnya halus.,1,1
31,tampangnya seperti Hello Kitty .,tampangnya garang.,tampangnya halus.,1,1
32,tampangnya seperti Hello Kitty .,tampangnya garang.,tampangnya halus.,1,1
33,tampangnya seperti Hello Kitty .,tampangnya garang.,tampangnya halus.,1,1
34,tampangnya seperti Hello Kitty .,tampangnya garang.,tampangnya halus.,1,0
35,tampangnya seperti Hello Kitty .,tampangnya garang.,tampangnya halus.,1,0
36,tampangnya seperti Hello Kitty .,tampangnya garang.,tampangnya halus.,1,0
37,tampangnya seperti Hello Kitty .,tampangnya garang.,tampangnya halus.,1,0
38,tampangnya seperti Hello Kitty .,tampangnya garang.,tampangnya halus.,1,0
39,tampangnya seperti Hello Kitty .,tampangnya garang.,tampangnya halus.,1,1
40,tampangnya seperti Hello Kitty .,tampangnya garang.,tampangnya halus.,1,0
41,tampangnya seperti Hello Kitty .,tampangnya garang.,tampangnya halus.,1,0
42,tampangnya seperti Hello Kitty .,tampangnya garang.,tampangnya halus.,1,0
43,tampangnya seperti Hello Kitty .,tampangnya garang.,tampangnya halus.,1,0
44,tampangnya seperti Hello Kitty .,tampangnya garang.,tampangnya halus.,1,1
45,tampangnya seperti Hello Kitty .,tampangnya garang.,tampangnya halus.,1,0
46,tampangnya seperti Hello Kitty .,tampangnya garang.,tampangnya halus.,1,0
47,tampangnya seperti Hello Kitty .,tampangnya garang.,tampangnya halus.,1,0
48,tampangnya seperti Hello Kitty .,tampangnya garang.,tampangnya halus.,1,0
49,tampangnya seperti Hello Kitty .,tampangnya garang.,tampangnya halus.,1,0
50,tampangnya seperti Hello Kitty .,tampangnya garang.,tampangnya halus.,1,0
51,tampangnya seperti Hello Kitty .,tampangnya garang.,tampangnya halus.,1,0
52,tampangnya seperti Hello Kitty .,tampangnya garang.,tampangnya halus.,1,0
53,tampangnya seperti Hello Kitty .,tampangnya garang.,tampangnya halus.,1,1
54,tampangnya seperti Hello Kitty .,tampangnya garang.,tampangnya halus.,1,0
55,tampangnya seperti Hello Kitty .,tampangnya garang.,tampangnya halus.,1,0
56,tampangnya seperti Hello Kitty .,tampangnya garang.,tampangnya halus.,1,1
57,tampangnya seperti Hello Kitty .,tampangnya garang.,tampangnya halus.,1,0
58,tampangnya seperti Hello Kitty .,tampangnya garang.,tampangnya halus.,1,0
59,tampangnya seperti Hello Kitty .,tampangnya garang.,tampangnya halus.,1,0
60,tampangnya seperti Hello Kitty .,tampangnya garang.,tampangnya halus.,1,0
61,tampangnya seperti Hello Kitty .,tampangnya garang.,tampangnya halus.,1,0
62,tampangnya seperti Hello Kitty .,tampangnya garang.,tampangnya halus.,1,0
63,tampangnya seperti Hello Kitty .,tampangnya garang.,tampangnya halus.,1,0
64,tampangnya seperti Hello Kitty .,tampangnya garang.,tampangnya halus.,1,1
65,tampangnya seperti Hello Kitty .,tampangnya garang.,tampangnya halus.,1,0
66,tampangnya seperti Hello Kitty .,tampangnya garang.,tampangnya halus.,1,1
67,tampangnya seperti Hello Kitty .,tampangnya garang.,tampangnya halus.,1,0
68,tampangnya seperti Hello Kitty .,tampangnya garang.,tampangnya halus.,1,1
69,tampangnya seperti Hello Kitty .,tampangnya garang.,tampangnya halus.,1,1
70,tampangnya seperti Hello Kitty .,tampangnya garang.,tampangnya halus.,1,0
71,tampangnya seperti Hello Kitty .,tampangnya garang.,tampangnya halus.,1,0
72,tampangnya seperti Hello Kitty .,tampangnya garang.,tampangnya halus.,1,0
73,tampangnya seperti Hello Kitty .,tampangnya garang.,tampangnya halus.,1,0
74,tampangnya seperti Hello Kitty .,tampangnya garang.,tampangnya halus.,1,1
75,tampangnya seperti Hello Kitty .,tampangnya garang.,tampangnya halus.,1,1
76,tampangnya seperti Hello Kitty .,tampangnya garang.,tampangnya halus.,1,1
77,tampangnya seperti Hello Kitty .,tampangnya garang.,tampangnya halus.,1,1
78,tampangnya seperti Hello Kitty .,tampangnya garang.,tampangnya halus.,1,1
79,tampangnya seperti Hello Kitty .,tampangnya garang.,tampangnya halus.,1,1
80,tampangnya seperti Hello Kitty .,tampangnya garang.,tampangnya halus.,1,0
81,tampangnya seperti Hello Kitty .,tampangnya garang.,tampangnya halus.,1,0
82,tampangnya seperti Hello Kitty .,tampangnya garang.,tampangnya halus.,1,0
83,tampangnya seperti Hello Kitty .,tampangnya garang.,tampangnya halus.,1,0
84,tampangnya seperti Hello Kitty .,tampangnya garang.,tampangnya halus.,1,0
85,tampangnya seperti Hello Kitty .,tampangnya garang.,tampangnya halus.,1,0
86,tampangnya seperti Hello Kitty .,tampangnya garang.,tampangnya halus.,1,0
87,tampangnya seperti Hello Kitty .,tampangnya garang.,tampangnya halus.,1,0
88,tampangnya seperti Hello Kitty .,tampangnya garang.,tampangnya halus.,1,0
89,tampangnya seperti Hello Kitty .,tampangnya garang.,tampangnya halus.,1,0
90,tampangnya seperti Hello Kitty .,tampangnya garang.,tampangnya halus.,1,0
91,tampangnya seperti Hello Kitty .,tampangnya garang.,tampangnya halus.,1,0
92,tampangnya seperti Hello Kitty .,tampangnya garang.,tampangnya halus.,1,0
93,tampangnya seperti Hello Kitty .,tampangnya garang.,tampangnya halus.,1,0
94,tampangnya seperti Hello Kitty .,tampangnya garang.,tampangnya halus.,1,0
95,tampangnya seperti Hello Kitty .,tampangnya garang.,tampangnya halus.,1,0
96,tampangnya seperti Hello Kitty .,tampangnya garang.,tampangnya halus.,1,0
97,tampangnya seperti Hello Kitty .,tampangnya garang.,tampangnya halus.,1,0
98,tampangnya seperti Hello Kitty .,tampangnya garang.,tampangnya halus.,1,0
99,tampangnya seperti Hello Kitty .,tampangnya garang.,tampangnya halus.,1,0
100,tampangnya seperti Hello Kitty .,tampangnya garang.,tampangnya halus.,1,1
101,tampangnya seperti Hello Kitty .,tampangnya garang.,tampangnya halus.,1,1
102,tampangnya seperti Hello Kitty .,tampangnya garang.,tampangnya halus.,1,1
103,tampangnya seperti Hello Kitty .,tampangnya garang.,tampangnya halus.,1,1
104,tampangnya seperti Hello Kitty .,tampangnya garang.,tampangnya halus.,1,1
105,tampangnya seperti Hello Kitty .,tampangnya garang.,tampangnya halus.,1,1
106,tampangnya seperti Hello Kitty .,tampangnya garang.,tampangnya halus.,1,1
107,tampangnya seperti Hello Kitty .,tampangnya garang.,tampangnya halus.,1,0
108,tampangnya seperti Hello Kitty .,tampangnya garang.,tampangnya halus.,1,0
109,tampangnya seperti Hello Kitty .,tampangnya garang.,tampangnya halus.,1,1
110,tampangnya seperti Hello Kitty .,tampangnya garang.,tampangnya halus.,1,0
111,tampangnya seperti Hello Kitty .,tampangnya garang.,tampangnya halus.,1,0
112,tampangnya seperti Hello Kitty .,tampangnya garang.,tampangnya halus.,1,0
113,tampangnya seperti Hello Kitty .,tampangnya garang.,tampangnya halus.,1,0
114,tampangnya seperti Hello Kitty .,tampangnya garang.,tampangnya halus.,1,0
115,tampangnya seperti Hello Kitty .,tampangnya garang.,tampangnya halus.,1,0
116,tampangnya seperti Hello Kitty .,tampangnya garang.,tampangnya halus.,1,1
117,tampangnya seperti Hello Kitty .,tampangnya garang.,tampangnya halus.,1,1
118,tampangnya seperti Hello Kitty .,tampangnya garang.,tampangnya halus.,1,1
119,tampangnya seperti Hello Kitty .,tampangnya garang.,tampangnya halus.,1,0
120,tampangnya seperti Hello Kitty .,tampangnya garang.,tampangnya halus.,1,0
121,tampangnya seperti Hello Kitty .,tampangnya garang.,tampangnya halus.,1,1
122,tampangnya seperti Hello Kitty .,tampangnya garang.,tampangnya halus.,1,1
123,tampangnya seperti Hello Kitty .,tampangnya garang.,tampangnya halus.,1,1
124,tampangnya seperti Hello Kitty .,tampangnya garang.,tampangnya halus.,1,1
125,tampangnya seperti Hello Kitty .,tampangnya garang.,tampangnya halus.,1,1
126,tampangnya seperti Hello Kitty .,tampangnya garang.,tampangnya halus.,1,0
127,tampangnya seperti Hello Kitty .,tampangnya garang.,tampangnya halus.,1,0
128,tampangnya seperti Hello Kitty .,tampangnya garang.,tampangnya halus.,1,1
129,tampangnya seperti Hello Kitty .,tampangnya garang.,tampangnya halus.,1,1
130,tampangnya seperti Hello Kitty .,tampangnya garang.,tampangnya halus.,1,1
131,tampangnya seperti Hello Kitty .,tampangnya garang.,tampangnya halus.,1,1
132,tampangnya seperti Hello Kitty .,tampangnya garang.,tampangnya halus.,1,1
133,tampangnya seperti Hello Kitty .,tampangnya garang.,tampangnya halus.,1,1
134,tampangnya seperti Hello Kitty .,tampangnya garang.,tampangnya halus.,1,1
135,tampangnya seperti Hello Kitty .,tampangnya garang.,tampangnya halus.,1,1
136,tampangnya seperti Hello Kitty .,tampangnya garang.,tampangnya halus.,1,1
137,tampangnya seperti Hello Kitty .,tampangnya garang.,tampangnya halus.,1,1
138,tampangnya seperti Hello Kitty .,tampangnya garang.,tampangnya halus.,1,1
139,tampangnya seperti Hello Kitty .,tampangnya garang.,tampangnya halus.,1,1
140,tampangnya seperti Hello Kitty .,tampangnya garang.,tampangnya halus.,1,1
141,tampangnya seperti Hello Kitty .,tampangnya garang.,tampangnya halus.,1,1
142,tampangnya seperti Hello Kitty .,tampangnya garang.,tampangnya halus.,1,1
143,tampangnya seperti Hello Kitty .,tampangnya garang.,tampangnya halus.,1,1
144,tampangnya seperti Hello Kitty .,tampangnya garang.,tampangnya halus.,1,0
145,tampangnya seperti Hello Kitty .,tampangnya garang.,tampangnya halus.,1,1
146,tampangnya seperti Hello Kitty .,tampangnya garang.,tampangnya halus.,1,0
147,tampangnya seperti Hello Kitty .,tampangnya garang.,tampangnya halus.,1,1
148,tampangnya seperti Hello Kitty .,tampangnya garang.,tampangnya halus.,1,1
149,tampangnya seperti Hello Kitty .,tampangnya garang.,tampangnya halus.,1,1
150,tampangnya seperti Hello Kitty .,tampangnya garang.,tampangnya halus.,1,1
151,tampangnya seperti Hello Kitty .,tampangnya garang.,tampangnya halus.,1,1
152,tampangnya seperti Hello Kitty .,tampangnya garang.,tampangnya halus.,1,1
153,tampangnya seperti Hello Kitty .,tampangnya garang.,tampangnya halus.,1,1
154,tampangnya seperti Hello Kitty .,tampangnya garang.,tampangnya halus.,1,1
155,tampangnya seperti Hello Kitty .,tampangnya garang.,tampangnya halus.,1,1
156,tampangnya seperti Hello Kitty .,tampangnya garang.,tampangnya halus.,1,0
157,tampangnya seperti Hello Kitty .,tampangnya garang.,tampangnya halus.,1,1
158,tampangnya seperti Hello Kitty .,tampangnya garang.,tampangnya halus.,1,1
159,tampangnya seperti Hello Kitty .,tampangnya garang.,tampangnya halus.,1,1
160,tampangnya seperti Hello Kitty .,tampangnya garang.,tampangnya halus.,1,0
161,tampangnya seperti Hello Kitty .,tampangnya garang.,tampangnya halus.,1,0
162,tampangnya seperti Hello Kitty .,tampangnya garang.,tampangnya halus.,1,0
163,tampangnya seperti Hello Kitty .,tampangnya garang.,tampangnya halus.,1,0
164,tampangnya seperti Hello Kitty .,tampangnya garang.,tampangnya halus.,1,0
165,tampangnya seperti Hello Kitty .,tampangnya garang.,tampangnya halus.,1,0
166,tampangnya seperti Hello Kitty .,tampangnya garang.,tampangnya halus.,1,0
167,tampangnya seperti Hello Kitty .,tampangnya garang.,tampangnya halus.,1,0
168,tampangnya seperti Hello Kitty .,tampangnya garang.,tampangnya halus.,1,1
169,tampangnya seperti Hello Kitty .,tampangnya garang.,tampangnya halus.,1,1
170,tampangnya seperti Hello Kitty .,tampangnya garang.,tampangnya halus.,1,1
171,tampangnya seperti Hello Kitty .,tampangnya garang.,tampangnya halus.,1,1
172,tampangnya seperti Hello Kitty .,tampangnya garang.,tampangnya halus.,1,1
173,tampangnya seperti Hello Kitty .,tampangnya garang.,tampangnya halus.,1,1
174,tampangnya seperti Hello Kitty .,tampangnya garang.,tampangnya halus.,1,1
175,tampangnya seperti Hello Kitty .,tampangnya garang.,tampangnya halus.,1,1
176,tampangnya seperti Hello Kitty .,tampangnya garang.,tampangnya halus.,1,1
177,tampangnya seperti Hello Kitty .,tampangnya garang.,tampangnya halus.,1,1
178,tampangnya seperti Hello Kitty .,tampangnya garang.,tampangnya halus.,1,1
179,tampangnya seperti Hello Kitty .,tampangnya garang.,tampangnya halus.,1,0
180,tampangnya seperti Hello Kitty .,tampangnya garang.,tampangnya halus.,1,0
181,tampangnya seperti Hello Kitty .,tampangnya garang.,tampangnya halus.,1,0
182,tampangnya seperti Hello Kitty .,tampangnya garang.,tampangnya halus.,1,1
183,tampangnya seperti Hello Kitty .,tampangnya garang.,tampangnya halus.,1,1
184,tampangnya seperti Hello Kitty .,tampangnya garang.,tampangnya halus.,1,1
185,tampangnya seperti Hello Kitty .,tampangnya garang.,tampangnya halus.,1,1
186,tampangnya seperti Hello Kitty .,tampangnya garang.,tampangnya halus.,1,1
187,tampangnya seperti Hello Kitty .,tampangnya garang.,tampangnya halus.,1,1
188,tampangnya seperti Hello Kitty .,tampangnya garang.,tampangnya halus.,1,0
189,tampangnya seperti Hello Kitty .,tampangnya garang.,tampangnya halus.,1,0
190,tampangnya seperti Hello Kitty .,tampangnya garang.,tampangnya halus.,1,0
191,tampangnya seperti Hello Kitty .,tampangnya garang.,tampangnya halus.,1,1
192,tampangnya seperti Hello Kitty .,tampangnya garang.,tampangnya halus.,1,0
193,tampangnya seperti Hello Kitty .,tampangnya garang.,tampangnya halus.,1,0
194,tampangnya seperti Hello Kitty .,tampangnya garang.,tampangnya halus.,1,0
195,tampangnya seperti Hello Kitty .,tampangnya garang.,tampangnya halus.,1,0
196,tampangnya seperti Hello Kitty .,tampangnya garang.,tampangnya halus.,1,0
197,tampangnya seperti Hello Kitty .,tampangnya garang.,tampangnya halus.,1,0
198,tampangnya seperti Hello Kitty .,tampangnya garang.,tampangnya halus.,1,0
199,tampangnya seperti Hello Kitty .,tampangnya garang.,tampangnya halus.,1,0
200,tampangnya seperti Hello Kitty .,tampangnya garang.,tampangnya halus.,1,1
201,tampangnya seperti Hello Kitty .,tampangnya garang.,tampangnya halus.,1,1
202,tampangnya seperti Hello Kitty .,tampangnya garang.,tampangnya halus.,1,1
203,tampangnya seperti Hello Kitty .,tampangnya garang.,tampangnya halus.,1,0
204,tampangnya seperti Hello Kitty .,tampangnya garang.,tampangnya halus.,1,0
205,tampangnya seperti Hello Kitty .,tampangnya garang.,tampangnya halus.,1,0
206,tampangnya seperti Hello Kitty .,tampangnya garang.,tampangnya halus.,1,0
207,tampangnya seperti Hello Kitty .,tampangnya garang.,tampangnya halus.,1,0
208,tampangnya seperti Hello Kitty .,tampangnya garang.,tampangnya halus.,1,1
209,tampangnya seperti Hello Kitty .,tampangnya garang.,tampangnya halus.,1,1
210,tampangnya seperti Hello Kitty .,tampangnya garang.,tampangnya halus.,1,0
211,tampangnya seperti Hello Kitty .,tampangnya garang.,tampangnya halus.,1,0
212,tampangnya seperti Hello Kitty .,tampangnya garang.,tampangnya halus.,1,0
213,tampangnya seperti Hello Kitty .,tampangnya garang.,tampangnya halus.,1,0
214,tampangnya seperti Hello Kitty .,tampangnya garang.,tampangnya halus.,1,1
215,tampangnya seperti Hello Kitty .,tampangnya garang.,tampangnya halus.,1,1
216,tampangnya seperti Hello Kitty .,tampangnya garang.,tampangnya halus.,1,1
217,tampangnya seperti Hello Kitty .,tampangnya garang.,tampangnya halus.,1,1
218,tampangnya seperti Hello Kitty .,tampangnya garang.,tampangnya halus.,1,1
219,tampangnya seperti Hello Kitty .,tampangnya garang.,tampangnya halus.,1,1
220,tampangnya seperti Hello Kitty .,tampangnya garang.,tampangnya halus.,1,1
221,tampangnya seperti Hello Kitty .,tampangnya garang.,tampangnya halus.,1,1
222,tampangnya seperti Hello Kitty .,tampangnya garang.,tampangnya halus.,1,1
223,tampangnya seperti Hello Kitty .,tampangnya garang.,tampangnya halus.,1,1
224,tampangnya seperti Hello Kitty .,tampangnya garang.,tampangnya halus.,1,0
225,tampangnya seperti Hello Kitty .,tampangnya garang.,tampangnya halus.,1,0
226,tampangnya seperti Hello Kitty .,tampangnya garang.,tampangnya halus.,1,1
227,tampangnya seperti Hello Kitty .,tampangnya garang.,tampangnya halus.,1,0
228,tampangnya seperti Hello Kitty .,tampangnya garang.,tampangnya halus.,1,0
229,tampangnya seperti Hello Kitty .,tampangnya garang.,tampangnya halus.,1,0
230,tampangnya seperti Hello Kitty .,tampangnya garang.,tampangnya halus.,1,0
231,tampangnya seperti Hello Kitty .,tampangnya garang.,tampangnya halus.,1,0
232,tampangnya seperti Hello Kitty .,tampangnya garang.,tampangnya halus.,1,0
233,tampangnya seperti Hello Kitty .,tampangnya garang.,tampangnya halus.,1,0
234,tampangnya seperti Hello Kitty .,tampangnya garang.,tampangnya halus.,1,0
235,tampangnya seperti Hello Kitty .,tampangnya garang.,tampangnya halus.,1,0
236,tampangnya seperti Hello Kitty .,tampangnya garang.,tampangnya halus.,1,0
237,tampangnya seperti Hello Kitty .,tampangnya garang.,tampangnya halus.,1,1
238,tampangnya seperti Hello Kitty .,tampangnya garang.,tampangnya halus.,1,0
239,tampangnya seperti Hello Kitty .,tampangnya garang.,tampangnya halus.,1,0
240,tampangnya seperti Hello Kitty .,tampangnya garang.,tampangnya halus.,1,0
241,tampangnya seperti Hello Kitty .,tampangnya garang.,tampangnya halus.,1,0
242,tampangnya seperti Hello Kitty .,tampangnya garang.,tampangnya halus.,1,0
243,tampangnya seperti Hello Kitty .,tampangnya garang.,tampangnya halus.,1,1
244,tampangnya seperti Hello Kitty .,tampangnya garang.,tampangnya halus.,1,0
245,tampangnya seperti Hello Kitty .,tampangnya garang.,tampangnya halus.,1,0
246,tampangnya seperti Hello Kitty .,tampangnya garang.,tampangnya halus.,1,0
247,tampangnya seperti Hello Kitty .,tampangnya garang.,tampangnya halus.,1,0
248,tampangnya seperti Hello Kitty .,tampangnya garang.,tampangnya halus.,1,0
249,tampangnya seperti Hello Kitty .,tampangnya garang.,tampangnya halus.,1,0
250,tampangnya seperti Hello Kitty .,tampangnya garang.,tampangnya halus.,1,0
251,tampangnya seperti Hello Kitty .,tampangnya garang.,tampangnya halus.,1,0
252,tampangnya seperti Hello Kitty .,tampangnya garang.,tampangnya halus.,1,0
253,tampangnya seperti Hello Kitty .,tampangnya garang.,tampangnya halus.,1,0
254,tampangnya seperti Hello Kitty .,tampangnya garang.,tampangnya halus.,1,1
255,tampangnya seperti Hello Kitty .,tampangnya garang.,tampangnya halus.,1,1
256,tampangnya seperti Hello Kitty .,tampangnya garang.,tampangnya halus.,1,0
257,tampangnya seperti Hello Kitty .,tampangnya garang.,tampangnya halus.,1,0
258,tampangnya seperti Hello Kitty .,tampangnya garang.,tampangnya halus.,1,0
259,tampangnya seperti Hello Kitty .,tampangnya garang.,tampangnya halus.,1,0
260,tampangnya seperti Hello Kitty .,tampangnya garang.,tampangnya halus.,1,0
261,tampangnya seperti Hello Kitty .,tampangnya garang.,tampangnya halus.,1,0
262,tampangnya seperti Hello Kitty .,tampangnya garang.,tampangnya halus.,1,0
263,tampangnya seperti Hello Kitty .,tampangnya garang.,tampangnya halus.,1,0
264,tampangnya seperti Hello Kitty .,tampangnya garang.,tampangnya halus.,1,0
265,tampangnya seperti Hello Kitty .,tampangnya garang.,tampangnya halus.,1,0
266,tampangnya seperti Hello Kitty .,tampangnya garang.,tampangnya halus.,1,0
267,tampangnya seperti Hello Kitty .,tampangnya garang.,tampangnya halus.,1,0
268,tampangnya seperti Hello Kitty .,tampangnya garang.,tampangnya halus.,1,0
269,tampangnya seperti Hello Kitty .,tampangnya garang.,tampangnya halus.,1,0
270,tampangnya seperti Hello Kitty .,tampangnya garang.,tampangnya halus.,1,0
271,tampangnya seperti Hello Kitty .,tampangnya garang.,tampangnya halus.,1,0
272,tampangnya seperti Hello Kitty .,tampangnya garang.,tampangnya halus.,1,1
273,tampangnya seperti Hello Kitty .,tampangnya garang.,tampangnya halus.,1,1
274,tampangnya seperti Hello Kitty .,tampangnya garang.,tampangnya halus.,1,0
275,tampangnya seperti Hello Kitty .,tampangnya garang.,tampangnya halus.,1,1
276,tampangnya seperti Hello Kitty .,tampangnya garang.,tampangnya halus.,1,0
277,tampangnya seperti Hello Kitty .,tampangnya garang.,tampangnya halus.,1,0
278,tampangnya seperti Hello Kitty .,tampangnya garang.,tampangnya halus.,1,1
279,tampangnya seperti Hello Kitty .,tampangnya garang.,tampangnya halus.,1,0
280,tampangnya seperti Hello Kitty .,tampangnya garang.,tampangnya halus.,1,0
281,tampangnya seperti Hello Kitty .,tampangnya garang.,tampangnya halus.,1,0
282,tampangnya seperti Hello Kitty .,tampangnya garang.,tampangnya halus.,1,0
283,tampangnya seperti Hello Kitty .,tampangnya garang.,tampangnya halus.,1,1
284,tampangnya seperti Hello Kitty .,tampangnya garang.,tampangnya halus.,1,0
285,tampangnya seperti Hello Kitty .,tampangnya garang.,tampangnya halus.,1,0
286,tampangnya seperti Hello Kitty .,tampangnya garang.,tampangnya halus.,1,1
287,tampangnya seperti Hello Kitty .,tampangnya garang.,tampangnya halus.,1,1
288,tampangnya seperti Hello Kitty .,tampangnya garang.,tampangnya halus.,1,1
289,tampangnya seperti Hello Kitty .,tampangnya garang.,tampangnya halus.,1,1
290,tampangnya seperti Hello Kitty .,tampangnya garang.,tampangnya halus.,1,1
291,tampangnya seperti Hello Kitty .,tampangnya garang.,tampangnya halus.,1,1
292,tampangnya seperti Hello Kitty .,tampangnya garang.,tampangnya halus.,1,1
293,tampangnya seperti Hello Kitty .,tampangnya garang.,tampangnya halus.,1,1
294,tampangnya seperti Hello Kitty .,tampangnya garang.,tampangnya halus.,1,1
295,tampangnya seperti Hello Kitty .,tampangnya garang.,tampangnya halus.,1,1
296,tampangnya seperti Hello Kitty .,tampangnya garang.,tampangnya halus.,1,0
297,tampangnya seperti Hello Kitty .,tampangnya garang.,tampangnya halus.,1,0
298,tampangnya seperti Hello Kitty .,tampangnya garang.,tampangnya halus.,1,1
299,tampangnya seperti Hello Kitty .,tampangnya garang.,tampangnya halus.,1,1
300,tampangnya seperti Hello Kitty .,tampangnya garang.,tampangnya halus.,1,0
301,tampangnya seperti Hello Kitty .,tampangnya garang.,tampangnya halus.,1,0
302,tampangnya seperti Hello Kitty .,tampangnya garang.,tampangnya halus.,1,1
303,tampangnya seperti Hello Kitty .,tampangnya garang.,tampangnya halus.,1,1
304,tampangnya seperti Hello Kitty .,tampangnya garang.,tampangnya halus.,1,1
305,tampangnya seperti Hello Kitty .,tampangnya garang.,tampangnya halus.,1,0
306,tampangnya seperti Hello Kitty .,tampangnya garang.,tampangnya halus.,1,1
307,tampangnya seperti Hello Kitty .,tampangnya garang.,tampangnya halus.,1,1
308,tampangnya seperti Hello Kitty .,tampangnya garang.,tampangnya halus.,1,1
309,tampangnya seperti Hello Kitty .,tampangnya garang.,tampangnya halus.,1,0
310,tampangnya seperti Hello Kitty .,tampangnya garang.,tampangnya halus.,1,0
311,tampangnya seperti Hello Kitty .,tampangnya garang.,tampangnya halus.,1,1
312,tampangnya seperti Hello Kitty .,tampangnya garang.,tampangnya halus.,1,0
313,tampangnya seperti Hello Kitty .,tampangnya garang.,tampangnya halus.,1,0
314,tampangnya seperti Hello Kitty .,tampangnya garang.,tampangnya halus.,1,1
315,tampangnya seperti Hello Kitty .,tampangnya garang.,tampangnya halus.,1,0
316,tampangnya seperti Hello Kitty .,tampangnya garang.,tampangnya halus.,1,0
317,tampangnya seperti Hello Kitty .,tampangnya garang.,tampangnya halus.,1,0
318,tampangnya seperti Hello Kitty .,tampangnya garang.,tampangnya halus.,1,1
319,tampangnya seperti Hello Kitty .,tampangnya garang.,tampangnya halus.,1,1
320,tampangnya seperti Hello Kitty .,tampangnya garang.,tampangnya halus.,1,1
321,tampangnya seperti Hello Kitty .,tampangnya garang.,tampangnya halus.,1,0
322,tampangnya seperti Hello Kitty .,tampangnya garang.,tampangnya halus.,1,1
323,tampangnya seperti Hello Kitty .,tampangnya garang.,tampangnya halus.,1,0
324,tampangnya seperti Hello Kitty .,tampangnya garang.,tampangnya halus.,1,0
325,tampangnya seperti Hello Kitty .,tampangnya garang.,tampangnya halus.,1,1
326,tampangnya seperti Hello Kitty .,tampangnya garang.,tampangnya halus.,1,1
327,tampangnya seperti Hello Kitty .,tampangnya garang.,tampangnya halus.,1,0
328,tampangnya seperti Hello Kitty .,tampangnya garang.,tampangnya halus.,1,0
329,tampangnya seperti Hello Kitty .,tampangnya garang.,tampangnya halus.,1,0
330,tampangnya seperti Hello Kitty .,tampangnya garang.,tampangnya halus.,1,0
331,tampangnya seperti Hello Kitty .,tampangnya garang.,tampangnya halus.,1,0
332,tampangnya seperti Hello Kitty .,tampangnya garang.,tampangnya halus.,1,1
333,tampangnya seperti Hello Kitty .,tampangnya garang.,tampangnya halus.,1,0
334,tampangnya seperti Hello Kitty .,tampangnya garang.,tampangnya halus.,1,1
335,tampangnya seperti Hello Kitty .,tampangnya garang.,tampangnya halus.,1,1
336,tampangnya seperti Hello Kitty .,tampangnya garang.,tampangnya halus.,1,1
337,tampangnya seperti Hello Kitty .,tampangnya garang.,tampangnya halus.,1,1
338,tampangnya seperti Hello Kitty .,tampangnya garang.,tampangnya halus.,1,0
339,tampangnya seperti Hello Kitty .,tampangnya garang.,tampangnya halus.,1,0
340,tampangnya seperti Hello Kitty .,tampangnya garang.,tampangnya halus.,1,1
341,tampangnya seperti Hello Kitty .,tampangnya garang.,tampangnya halus.,1,0
342,tampangnya seperti Hello Kitty .,tampangnya garang.,tampangnya halus.,1,1
343,tampangnya seperti Hello Kitty .,tampangnya garang.,tampangnya halus.,1,0
344,tampangnya seperti Hello Kitty .,tampangnya garang.,tampangnya halus.,1,1
345,tampangnya seperti Hello Kitty .,tampangnya garang.,tampangnya halus.,1,0
346,tampangnya seperti Hello Kitty .,tampangnya garang.,tampangnya halus.,1,0
347,tampangnya seperti Hello Kitty .,tampangnya garang.,tampangnya halus.,1,1
348,tampangnya seperti Hello Kitty .,tampangnya garang.,tampangnya halus.,1,0
349,tampangnya seperti Hello Kitty .,tampangnya garang.,tampangnya halus.,1,1
350,tampangnya seperti Hello Kitty .,tampangnya garang.,tampangnya halus.,1,1
351,tampangnya seperti Hello Kitty .,tampangnya garang.,tampangnya halus.,1,1
352,tampangnya seperti Hello Kitty .,tampangnya garang.,tampangnya halus.,1,0
353,tampangnya seperti Hello Kitty .,tampangnya garang.,tampangnya halus.,1,0
354,tampangnya seperti Hello Kitty .,tampangnya garang.,tampangnya halus.,1,0
355,tampangnya seperti Hello Kitty .,tampangnya garang.,tampangnya halus.,1,0
356,tampangnya seperti Hello Kitty .,tampangnya garang.,tampangnya halus.,1,0
357,tampangnya seperti Hello Kitty .,tampangnya garang.,tampangnya halus.,1,1
358,tampangnya seperti Hello Kitty .,tampangnya garang.,tampangnya halus.,1,0
359,tampangnya seperti Hello Kitty .,tampangnya garang.,tampangnya halus.,1,0
360,tampangnya seperti Hello Kitty .,tampangnya garang.,tampangnya halus.,1,1
361,tampangnya seperti Hello Kitty .,tampangnya garang.,tampangnya halus.,1,0
362,tampangnya seperti Hello Kitty .,tampangnya garang.,tampangnya halus.,1,1
363,tampangnya seperti Hello Kitty .,tampangnya garang.,tampangnya halus.,1,1
364,tampangnya seperti Hello Kitty .,tampangnya garang.,tampangnya halus.,1,0
365,tampangnya seperti Hello Kitty .,tampangnya garang.,tampangnya halus.,1,0
366,tampangnya seperti Hello Kitty .,tampangnya garang.,tampangnya halus.,1,0
367,tampangnya seperti Hello Kitty .,tampangnya garang.,tampangnya halus.,1,1
368,tampangnya seperti Hello Kitty .,tampangnya garang.,tampangnya halus.,1,1
369,tampangnya seperti Hello Kitty .,tampangnya garang.,tampangnya halus.,1,1
370,tampangnya seperti Hello Kitty .,tampangnya garang.,tampangnya halus.,1,1
371,tampangnya seperti Hello Kitty .,tampangnya garang.,tampangnya halus.,1,1
372,tampangnya seperti Hello Kitty .,tampangnya garang.,tampangnya halus.,1,1
373,tampangnya seperti Hello Kitty .,tampangnya garang.,tampangnya halus.,1,1
374,tampangnya seperti Hello Kitty .,tampangnya garang.,tampangnya halus.,1,1
375,tampangnya seperti Hello Kitty .,tampangnya garang.,tampangnya halus.,1,1
376,tampangnya seperti Hello Kitty .,tampangnya garang.,tampangnya halus.,1,0
377,tampangnya seperti Hello Kitty .,tampangnya garang.,tampangnya halus.,1,1
378,tampangnya seperti Hello Kitty .,tampangnya garang.,tampangnya halus.,1,0
379,tampangnya seperti Hello Kitty .,tampangnya garang.,tampangnya halus.,1,0
380,tampangnya seperti Hello Kitty .,tampangnya garang.,tampangnya halus.,1,0
381,tampangnya seperti Hello Kitty .,tampangnya garang.,tampangnya halus.,1,0
382,tampangnya seperti Hello Kitty .,tampangnya garang.,tampangnya halus.,1,0
383,tampangnya seperti Hello Kitty .,tampangnya garang.,tampangnya halus.,1,1
384,tampangnya seperti Hello Kitty .,tampangnya garang.,tampangnya halus.,1,0
385,tampangnya seperti Hello Kitty .,tampangnya garang.,tampangnya halus.,1,0
386,tampangnya seperti Hello Kitty .,tampangnya garang.,tampangnya halus.,1,1
387,tampangnya seperti Hello Kitty .,tampangnya garang.,tampangnya halus.,1,0
388,tampangnya seperti Hello Kitty .,tampangnya garang.,tampangnya halus.,1,0
389,tampangnya seperti Hello Kitty .,tampangnya garang.,tampangnya halus.,1,0
390,tampangnya seperti Hello Kitty .,tampangnya garang.,tampangnya halus.,1,0
391,tampangnya seperti Hello Kitty .,tampangnya garang.,tampangnya halus.,1,0
392,tampangnya seperti Hello Kitty .,tampangnya garang.,tampangnya halus.,1,0
393,tampangnya seperti Hello Kitty .,tampangnya garang.,tampangnya halus.,1,1
394,tampangnya seperti Hello Kitty .,tampangnya garang.,tampangnya halus.,1,0
395,tampangnya seperti Hello Kitty .,tampangnya garang.,tampangnya halus.,1,0
396,tampangnya seperti Hello Kitty .,tampangnya garang.,tampangnya halus.,1,0
397,tampangnya seperti Hello Kitty .,tampangnya garang.,tampangnya halus.,1,0
398,tampangnya seperti Hello Kitty .,tampangnya garang.,tampangnya halus.,1,0
399,tampangnya seperti Hello Kitty .,tampangnya garang.,tampangnya halus.,1,0
400,tampangnya seperti Hello Kitty .,tampangnya garang.,tampangnya halus.,1,1
401,tampangnya seperti Hello Kitty .,tampangnya garang.,tampangnya halus.,1,1
402,tampangnya seperti Hello Kitty .,tampangnya garang.,tampangnya halus.,1,1
403,tampangnya seperti Hello Kitty .,tampangnya garang.,tampangnya halus.,1,1
404,tampangnya seperti Hello Kitty .,tampangnya garang.,tampangnya halus.,1,1
405,tampangnya seperti Hello Kitty .,tampangnya garang.,tampangnya halus.,1,0
406,tampangnya seperti Hello Kitty .,tampangnya garang.,tampangnya halus.,1,0
407,tampangnya seperti Hello Kitty .,tampangnya garang.,tampangnya halus.,1,0
408,tampangnya seperti Hello Kitty .,tampangnya garang.,tampangnya halus.,1,1
409,tampangnya seperti Hello Kitty .,tampangnya garang.,tampangnya halus.,1,1
410,tampangnya seperti Hello Kitty .,tampangnya garang.,tampangnya halus.,1,1
411,tampangnya seperti Hello Kitty .,tampangnya garang.,tampangnya halus.,1,1
412,tampangnya seperti Hello Kitty .,tampangnya garang.,tampangnya halus.,1,0
413,tampangnya seperti Hello Kitty .,tampangnya garang.,tampangnya halus.,1,1
414,tampangnya seperti Hello Kitty .,tampangnya garang.,tampangnya halus.,1,1
415,tampangnya seperti Hello Kitty .,tampangnya garang.,tampangnya halus.,1,1
416,tampangnya seperti Hello Kitty .,tampangnya garang.,tampangnya halus.,1,0
417,tampangnya seperti Hello Kitty .,tampangnya garang.,tampangnya halus.,1,0
418,tampangnya seperti Hello Kitty .,tampangnya garang.,tampangnya halus.,1,0
419,tampangnya seperti Hello Kitty .,tampangnya garang.,tampangnya halus.,1,1
420,tampangnya seperti Hello Kitty .,tampangnya garang.,tampangnya halus.,1,1
421,tampangnya seperti Hello Kitty .,tampangnya garang.,tampangnya halus.,1,0
422,tampangnya seperti Hello Kitty .,tampangnya garang.,tampangnya halus.,1,0
423,tampangnya seperti Hello Kitty .,tampangnya garang.,tampangnya halus.,1,0
424,tampangnya seperti Hello Kitty .,tampangnya garang.,tampangnya halus.,1,1
425,tampangnya seperti Hello Kitty .,tampangnya garang.,tampangnya halus.,1,1
426,tampangnya seperti Hello Kitty .,tampangnya garang.,tampangnya halus.,1,1
427,tampangnya seperti Hello Kitty .,tampangnya garang.,tampangnya halus.,1,1
428,tampangnya seperti Hello Kitty .,tampangnya garang.,tampangnya halus.,1,0
429,tampangnya seperti Hello Kitty .,tampangnya garang.,tampangnya halus.,1,0
430,tampangnya seperti Hello Kitty .,tampangnya garang.,tampangnya halus.,1,0
431,tampangnya seperti Hello Kitty .,tampangnya garang.,tampangnya halus.,1,0
432,tampangnya seperti Hello Kitty .,tampangnya garang.,tampangnya halus.,1,0
433,tampangnya seperti Hello Kitty .,tampangnya garang.,tampangnya halus.,1,0
434,tampangnya seperti Hello Kitty .,tampangnya garang.,tampangnya halus.,1,0
435,tampangnya seperti Hello Kitty .,tampangnya garang.,tampangnya halus.,1,0
436,tampangnya seperti Hello Kitty .,tampangnya garang.,tampangnya halus.,1,1
437,tampangnya seperti Hello Kitty .,tampangnya garang.,tampangnya halus.,1,0
438,tampangnya seperti Hello Kitty .,tampangnya garang.,tampangnya halus.,1,1
439,tampangnya seperti Hello Kitty .,tampangnya garang.,tampangnya halus.,1,1
440,tampangnya seperti Hello Kitty .,tampangnya garang.,tampangnya halus.,1,0
441,tampangnya seperti Hello Kitty .,tampangnya garang.,tampangnya halus.,1,0
442,tampangnya seperti Hello Kitty .,tampangnya garang.,tampangnya halus.,1,1
443,tampangnya seperti Hello Kitty .,tampangnya garang.,tampangnya halus.,1,0
444,tampangnya seperti Hello Kitty .,tampangnya garang.,tampangnya halus.,1,0
445,tampangnya seperti Hello Kitty .,tampangnya garang.,tampangnya halus.,1,0
446,tampangnya seperti Hello Kitty .,tampangnya garang.,tampangnya halus.,1,0
447,tampangnya seperti Hello Kitty .,tampangnya garang.,tampangnya halus.,1,0
448,tampangnya seperti Hello Kitty .,tampangnya garang.,tampangnya halus.,1,1
449,tampangnya seperti Hello Kitty .,tampangnya garang.,tampangnya halus.,1,1
450,tampangnya seperti Hello Kitty .,tampangnya garang.,tampangnya halus.,1,1
451,tampangnya seperti Hello Kitty .,tampangnya garang.,tampangnya halus.,1,1
452,tampangnya seperti Hello Kitty .,tampangnya garang.,tampangnya halus.,1,0
453,tampangnya seperti Hello Kitty .,tampangnya garang.,tampangnya halus.,1,0
454,tampangnya seperti Hello Kitty .,tampangnya garang.,tampangnya halus.,1,1
455,tampangnya seperti Hello Kitty .,tampangnya garang.,tampangnya halus.,1,1
456,tampangnya seperti Hello Kitty .,tampangnya garang.,tampangnya halus.,1,1
457,tampangnya seperti Hello Kitty .,tampangnya garang.,tampangnya halus.,1,1
458,tampangnya seperti Hello Kitty .,tampangnya garang.,tampangnya halus.,1,0
459,tampangnya seperti Hello Kitty .,tampangnya garang.,tampangnya halus.,1,0
460,tampangnya seperti Hello Kitty .,tampangnya garang.,tampangnya halus.,1,0
461,tampangnya seperti Hello Kitty .,tampangnya garang.,tampangnya halus.,1,0
462,tampangnya seperti Hello Kitty .,tampangnya garang.,tampangnya halus.,1,1
463,tampangnya seperti Hello Kitty .,tampangnya garang.,tampangnya halus.,1,1
464,tampangnya seperti Hello Kitty .,tampangnya garang.,tampangnya halus.,1,1
465,tampangnya seperti Hello Kitty .,tampangnya garang.,tampangnya halus.,1,0
466,tampangnya seperti Hello Kitty .,tampangnya garang.,tampangnya halus.,1,1
467,tampangnya seperti Hello Kitty .,tampangnya garang.,tampangnya halus.,1,1
468,tampangnya seperti Hello Kitty .,tampangnya garang.,tampangnya halus.,1,1
469,tampangnya seperti Hello Kitty .,tampangnya garang.,tampangnya halus.,1,0
470,tampangnya seperti Hello Kitty .,tampangnya garang.,tampangnya halus.,1,0
471,tampangnya seperti Hello Kitty .,tampangnya garang.,tampangnya halus.,1,0
472,tampangnya seperti Hello Kitty .,tampangnya garang.,tampangnya halus.,1,0
473,tampangnya seperti Hello Kitty .,tampangnya garang.,tampangnya halus.,1,0
474,tampangnya seperti Hello Kitty .,tampangnya garang.,tampangnya halus.,1,0
475,tampangnya seperti Hello Kitty .,tampangnya garang.,tampangnya halus.,1,0
476,tampangnya seperti Hello Kitty .,tampangnya garang.,tampangnya halus.,1,0
477,tampangnya seperti Hello Kitty .,tampangnya garang.,tampangnya halus.,1,1
478,tampangnya seperti Hello Kitty .,tampangnya garang.,tampangnya halus.,1,1
479,tampangnya seperti Hello Kitty .,tampangnya garang.,tampangnya halus.,1,1
480,tampangnya seperti Hello Kitty .,tampangnya garang.,tampangnya halus.,1,1
481,tampangnya seperti Hello Kitty .,tampangnya garang.,tampangnya halus.,1,1
482,tampangnya seperti Hello Kitty .,tampangnya garang.,tampangnya halus.,1,1
483,tampangnya seperti Hello Kitty .,tampangnya garang.,tampangnya halus.,1,1
484,tampangnya seperti Hello Kitty .,tampangnya garang.,tampangnya halus.,1,1
485,tampangnya seperti Hello Kitty .,tampangnya garang.,tampangnya halus.,1,1
486,tampangnya seperti Hello Kitty .,tampangnya garang.,tampangnya halus.,1,0
487,tampangnya seperti Hello Kitty .,tampangnya garang.,tampangnya halus.,1,0
488,tampangnya seperti Hello Kitty .,tampangnya garang.,tampangnya halus.,1,1
489,tampangnya seperti Hello Kitty .,tampangnya garang.,tampangnya halus.,1,1
490,tampangnya seperti Hello Kitty .,tampangnya garang.,tampangnya halus.,1,0
491,tampangnya seperti Hello Kitty .,tampangnya garang.,tampangnya halus.,1,0
492,tampangnya seperti Hello Kitty .,tampangnya garang.,tampangnya halus.,1,0
493,tampangnya seperti Hello Kitty .,tampangnya garang.,tampangnya halus.,1,0
494,tampangnya seperti Hello Kitty .,tampangnya garang.,tampangnya halus.,1,0
495,tampangnya seperti Hello Kitty .,tampangnya garang.,tampangnya halus.,1,0
496,tampangnya seperti Hello Kitty .,tampangnya garang.,tampangnya halus.,1,0
497,tampangnya seperti Hello Kitty .,tampangnya garang.,tampangnya halus.,1,0
498,tampangnya seperti Hello Kitty .,tampangnya garang.,tampangnya halus.,1,1
499,tampangnya seperti Hello Kitty .,tampangnya garang.,tampangnya halus.,1,0
500,tampangnya seperti Hello Kitty .,tampangnya garang.,tampangnya halus.,1,0
501,tampangnya seperti Hello Kitty .,tampangnya garang.,tampangnya halus.,1,0
502,tampangnya seperti Hello Kitty .,tampangnya garang.,tampangnya halus.,1,0
503,tampangnya seperti Hello Kitty .,tampangnya garang.,tampangnya halus.,1,0
504,tampangnya seperti Hello Kitty .,tampangnya garang.,tampangnya halus.,1,0
505,tampangnya seperti Hello Kitty .,tampangnya garang.,tampangnya halus.,1,0
506,tampangnya seperti Hello Kitty .,tampangnya garang.,tampangnya halus.,1,0
507,tampangnya seperti Hello Kitty .,tampangnya garang.,tampangnya halus.,1,0
508,tampangnya seperti Hello Kitty .,tampangnya garang.,tampangnya halus.,1,0
509,tampangnya seperti Hello Kitty .,tampangnya garang.,tampangnya halus.,1,0
510,tampangnya seperti Hello Kitty .,tampangnya garang.,tampangnya halus.,1,0
511,tampangnya seperti Hello Kitty .,tampangnya garang.,tampangnya halus.,1,0
512,tampangnya seperti Hello Kitty .,tampangnya garang.,tampangnya halus.,1,0
513,tampangnya seperti Hello Kitty .,tampangnya garang.,tampangnya halus.,1,0
514,tampangnya seperti Hello Kitty .,tampangnya garang.,tampangnya halus.,1,0
515,tampangnya seperti Hello Kitty .,tampangnya garang.,tampangnya halus.,1,0
516,tampangnya seperti Hello Kitty .,tampangnya garang.,tampangnya halus.,1,1
517,tampangnya seperti Hello Kitty .,tampangnya garang.,tampangnya halus.,1,1
518,tampangnya seperti Hello Kitty .,tampangnya garang.,tampangnya halus.,1,0
519,tampangnya seperti Hello Kitty .,tampangnya garang.,tampangnya halus.,1,0
520,tampangnya seperti Hello Kitty .,tampangnya garang.,tampangnya halus.,1,1
521,tampangnya seperti Hello Kitty .,tampangnya garang.,tampangnya halus.,1,1
522,tampangnya seperti Hello Kitty .,tampangnya garang.,tampangnya halus.,1,0
523,tampangnya seperti Hello Kitty .,tampangnya garang.,tampangnya halus.,1,0
524,tampangnya seperti Hello Kitty .,tampangnya garang.,tampangnya halus.,1,1
525,tampangnya seperti Hello Kitty .,tampangnya garang.,tampangnya halus.,1,1
526,tampangnya seperti Hello Kitty .,tampangnya garang.,tampangnya halus.,1,1
527,tampangnya seperti Hello Kitty .,tampangnya garang.,tampangnya halus.,1,1
528,tampangnya seperti Hello Kitty .,tampangnya garang.,tampangnya halus.,1,1
529,tampangnya seperti Hello Kitty .,tampangnya garang.,tampangnya halus.,1,1
530,tampangnya seperti Hello Kitty .,tampangnya garang.,tampangnya halus.,1,1
531,tampangnya seperti Hello Kitty .,tampangnya garang.,tampangnya halus.,1,1
532,tampangnya seperti Hello Kitty .,tampangnya garang.,tampangnya halus.,1,0
533,tampangnya seperti Hello Kitty .,tampangnya garang.,tampangnya halus.,1,0
534,tampangnya seperti Hello Kitty .,tampangnya garang.,tampangnya halus.,1,0
535,tampangnya seperti Hello Kitty .,tampangnya garang.,tampangnya halus.,1,0
536,tampangnya seperti Hello Kitty .,tampangnya garang.,tampangnya halus.,1,1
537,tampangnya seperti Hello Kitty .,tampangnya garang.,tampangnya halus.,1,1
538,tampangnya seperti Hello Kitty .,tampangnya garang.,tampangnya halus.,1,0
539,tampangnya seperti Hello Kitty .,tampangnya garang.,tampangnya halus.,1,0
540,tampangnya seperti Hello Kitty .,tampangnya garang.,tampangnya halus.,1,0
541,tampangnya seperti Hello Kitty .,tampangnya garang.,tampangnya halus.,1,0
542,tampangnya seperti Hello Kitty .,tampangnya garang.,tampangnya halus.,1,1
543,tampangnya seperti Hello Kitty .,tampangnya garang.,tampangnya halus.,1,0
544,tampangnya seperti Hello Kitty .,tampangnya garang.,tampangnya halus.,1,1
545,tampangnya seperti Hello Kitty .,tampangnya garang.,tampangnya halus.,1,1
546,tampangnya seperti Hello Kitty .,tampangnya garang.,tampangnya halus.,1,1
547,tampangnya seperti Hello Kitty .,tampangnya garang.,tampangnya halus.,1,1
548,tampangnya seperti Hello Kitty .,tampangnya garang.,tampangnya halus.,1,0
549,tampangnya seperti Hello Kitty .,tampangnya garang.,tampangnya halus.,1,1
550,tampangnya seperti Hello Kitty .,tampangnya garang.,tampangnya halus.,1,1
551,tampangnya seperti Hello Kitty .,tampangnya garang.,tampangnya halus.,1,1
552,tampangnya seperti Hello Kitty .,tampangnya garang.,tampangnya halus.,1,1
553,tampangnya seperti Hello Kitty .,tampangnya garang.,tampangnya halus.,1,1
554,tampangnya seperti Hello Kitty .,tampangnya garang.,tampangnya halus.,1,1
555,tampangnya seperti Hello Kitty .,tampangnya garang.,tampangnya halus.,1,0
556,tampangnya seperti Hello Kitty .,tampangnya garang.,tampangnya halus.,1,0
557,tampangnya seperti Hello Kitty .,tampangnya garang.,tampangnya halus.,1,1
558,tampangnya seperti Hello Kitty .,tampangnya garang.,tampangnya halus.,1,0
559,tampangnya seperti Hello Kitty .,tampangnya garang.,tampangnya halus.,1,1
560,tampangnya seperti Hello Kitty .,tampangnya garang.,tampangnya halus.,1,0
561,tampangnya seperti Hello Kitty .,tampangnya garang.,tampangnya halus.,1,1
562,tampangnya seperti Hello Kitty .,tampangnya garang.,tampangnya halus.,1,0
563,tampangnya seperti Hello Kitty .,tampangnya garang.,tampangnya halus.,1,1
564,tampangnya seperti Hello Kitty .,tampangnya garang.,tampangnya halus.,1,1
565,tampangnya seperti Hello Kitty .,tampangnya garang.,tampangnya halus.,1,1
566,tampangnya seperti Hello Kitty .,tampangnya garang.,tampangnya halus.,1,0
567,tampangnya seperti Hello Kitty .,tampangnya garang.,tampangnya halus.,1,0
568,tampangnya seperti Hello Kitty .,tampangnya garang.,tampangnya halus.,1,0
569,tampangnya seperti Hello Kitty .,tampangnya garang.,tampangnya halus.,1,1
570,tampangnya seperti Hello Kitty .,tampangnya garang.,tampangnya halus.,1,1
571,tampangnya seperti Hello Kitty .,tampangnya garang.,tampangnya halus.,1,0
572,tampangnya seperti Hello Kitty .,tampangnya garang.,tampangnya halus.,1,1
573,tampangnya seperti Hello Kitty .,tampangnya garang.,tampangnya halus.,1,1
574,tampangnya seperti Hello Kitty .,tampangnya garang.,tampangnya halus.,1,0
575,tampangnya seperti Hello Kitty .,tampangnya garang.,tampangnya halus.,1,1
576,tampangnya seperti Hello Kitty .,tampangnya garang.,tampangnya halus.,1,0
577,tampangnya seperti Hello Kitty .,tampangnya garang.,tampangnya halus.,1,1
578,tampangnya seperti Hello Kitty .,tampangnya garang.,tampangnya halus.,1,1
579,tampangnya seperti Hello Kitty .,tampangnya garang.,tampangnya halus.,1,1
580,tampangnya seperti Hello Kitty .,tampangnya garang.,tampangnya halus.,1,0
581,tampangnya seperti Hello Kitty .,tampangnya garang.,tampangnya halus.,1,1
582,tampangnya seperti Hello Kitty .,tampangnya garang.,tampangnya halus.,1,1
583,tampangnya seperti Hello Kitty .,tampangnya garang.,tampangnya halus.,1,1
584,tampangnya seperti Hello Kitty .,tampangnya garang.,tampangnya halus.,1,1
585,tampangnya seperti Hello Kitty .,tampangnya garang.,tampangnya halus.,1,1
586,tampangnya seperti Hello Kitty .,tampangnya garang.,tampangnya halus.,1,1
587,tampangnya seperti Hello Kitty .,tampangnya garang.,tampangnya halus.,1,1
588,tampangnya seperti Hello Kitty .,tampangnya garang.,tampangnya halus.,1,0
589,tampangnya seperti Hello Kitty .,tampangnya garang.,tampangnya halus.,1,0
590,tampangnya seperti Hello Kitty .,tampangnya garang.,tampangnya halus.,1,1
591,tampangnya seperti Hello Kitty .,tampangnya garang.,tampangnya halus.,1,1
592,tampangnya seperti Hello Kitty .,tampangnya garang.,tampangnya halus.,1,0
593,tampangnya seperti Hello Kitty .,tampangnya garang.,tampangnya halus.,1,0
594,tampangnya seperti Hello Kitty .,tampangnya garang.,tampangnya halus.,1,1
595,tampangnya seperti Hello Kitty .,tampangnya garang.,tampangnya halus.,1,0
596,tampangnya seperti Hello Kitty .,tampangnya garang.,tampangnya halus.,1,1
597,tampangnya seperti Hello Kitty .,tampangnya garang.,tampangnya halus.,1,1
598,tampangnya seperti Hello Kitty .,tampangnya garang.,tampangnya halus.,1,0
599,tampangnya seperti Hello Kitty .,tampangnya garang.,tampangnya halus.,1,0
600,tampangnya seperti Hello Kitty .,tampangnya garang.,tampangnya halus.,1,1
601,tampangnya seperti Hello Kitty .,tampangnya garang.,tampangnya halus.,1,0
602,tampangnya seperti Hello Kitty .,tampangnya garang.,tampangnya halus.,1,1
603,tampangnya seperti Hello Kitty .,tampangnya garang.,tampangnya halus.,1,1
604,tampangnya seperti Hello Kitty .,tampangnya garang.,tampangnya halus.,1,0
605,tampangnya seperti Hello Kitty .,tampangnya garang.,tampangnya halus.,1,0
606,tampangnya seperti Hello Kitty .,tampangnya garang.,tampangnya halus.,1,0
607,tampangnya seperti Hello Kitty .,tampangnya garang.,tampangnya halus.,1,0
608,tampangnya seperti Hello Kitty .,tampangnya garang.,tampangnya halus.,1,1
609,tampangnya seperti Hello Kitty .,tampangnya garang.,tampangnya halus.,1,1
610,tampangnya seperti Hello Kitty .,tampangnya garang.,tampangnya halus.,1,1
611,tampangnya seperti Hello Kitty .,tampangnya garang.,tampangnya halus.,1,1
612,tampangnya seperti Hello Kitty .,tampangnya garang.,tampangnya halus.,1,1
613,tampangnya seperti Hello Kitty .,tampangnya garang.,tampangnya halus.,1,1
614,tampangnya seperti Hello Kitty .,tampangnya garang.,tampangnya halus.,1,1
615,tampangnya seperti Hello Kitty .,tampangnya garang.,tampangnya halus.,1,1
616,tampangnya seperti Hello Kitty .,tampangnya garang.,tampangnya halus.,1,1
617,tampangnya seperti Hello Kitty .,tampangnya garang.,tampangnya halus.,1,1
618,tampangnya seperti Hello Kitty .,tampangnya garang.,tampangnya halus.,1,0
619,tampangnya seperti Hello Kitty .,tampangnya garang.,tampangnya halus.,1,0
620,tampangnya seperti Hello Kitty .,tampangnya garang.,tampangnya halus.,1,1
621,tampangnya seperti Hello Kitty .,tampangnya garang.,tampangnya halus.,1,1
622,tampangnya seperti Hello Kitty .,tampangnya garang.,tampangnya halus.,1,1
623,tampangnya seperti Hello Kitty .,tampangnya garang.,tampangnya halus.,1,1
624,tampangnya seperti Hello Kitty .,tampangnya garang.,tampangnya halus.,1,0
625,tampangnya seperti Hello Kitty .,tampangnya garang.,tampangnya halus.,1,1
626,tampangnya seperti Hello Kitty .,tampangnya garang.,tampangnya halus.,1,0
627,tampangnya seperti Hello Kitty .,tampangnya garang.,tampangnya halus.,1,0
628,tampangnya seperti Hello Kitty .,tampangnya garang.,tampangnya halus.,1,1
629,tampangnya seperti Hello Kitty .,tampangnya garang.,tampangnya halus.,1,1
630,tampangnya seperti Hello Kitty .,tampangnya garang.,tampangnya halus.,1,1
631,tampangnya seperti Hello Kitty .,tampangnya garang.,tampangnya halus.,1,1
632,tampangnya seperti Hello Kitty .,tampangnya garang.,tampangnya halus.,1,1
633,tampangnya seperti Hello Kitty .,tampangnya garang.,tampangnya halus.,1,0
634,tampangnya seperti Hello Kitty .,tampangnya garang.,tampangnya halus.,1,1
635,tampangnya seperti Hello Kitty .,tampangnya garang.,tampangnya halus.,1,1
636,tampangnya seperti Hello Kitty .,tampangnya garang.,tampangnya halus.,1,0
637,tampangnya seperti Hello Kitty .,tampangnya garang.,tampangnya halus.,1,0
638,tampangnya seperti Hello Kitty .,tampangnya garang.,tampangnya halus.,1,1
639,tampangnya seperti Hello Kitty .,tampangnya garang.,tampangnya halus.,1,1
640,tampangnya seperti Hello Kitty .,tampangnya garang.,tampangnya halus.,1,1
641,tampangnya seperti Hello Kitty .,tampangnya garang.,tampangnya halus.,1,0
642,tampangnya seperti Hello Kitty .,tampangnya garang.,tampangnya halus.,1,1
643,tampangnya seperti Hello Kitty .,tampangnya garang.,tampangnya halus.,1,1
644,tampangnya seperti Hello Kitty .,tampangnya garang.,tampangnya halus.,1,1
645,tampangnya seperti Hello Kitty .,tampangnya garang.,tampangnya halus.,1,0
646,tampangnya seperti Hello Kitty .,tampangnya garang.,tampangnya halus.,1,0
647,tampangnya seperti Hello Kitty .,tampangnya garang.,tampangnya halus.,1,0
648,tampangnya seperti Hello Kitty .,tampangnya garang.,tampangnya halus.,1,0
649,tampangnya seperti Hello Kitty .,tampangnya garang.,tampangnya halus.,1,0
650,tampangnya seperti Hello Kitty .,tampangnya garang.,tampangnya halus.,1,1
651,tampangnya seperti Hello Kitty .,tampangnya garang.,tampangnya halus.,1,0
652,tampangnya seperti Hello Kitty .,tampangnya garang.,tampangnya halus.,1,1
653,tampangnya seperti Hello Kitty .,tampangnya garang.,tampangnya halus.,1,1
654,tampangnya seperti Hello Kitty .,tampangnya garang.,tampangnya halus.,1,1
655,tampangnya seperti Hello Kitty .,tampangnya garang.,tampangnya halus.,1,1
656,tampangnya seperti Hello Kitty .,tampangnya garang.,tampangnya halus.,1,1
657,tampangnya seperti Hello Kitty .,tampangnya garang.,tampangnya halus.,1,0
658,tampangnya seperti Hello Kitty .,tampangnya garang.,tampangnya halus.,1,1
659,tampangnya seperti Hello Kitty .,tampangnya garang.,tampangnya halus.,1,1
660,tampangnya seperti Hello Kitty .,tampangnya garang.,tampangnya halus.,1,0
661,tampangnya seperti Hello Kitty .,tampangnya garang.,tampangnya halus.,1,1
662,tampangnya seperti Hello Kitty .,tampangnya garang.,tampangnya halus.,1,0
663,tampangnya seperti Hello Kitty .,tampangnya garang.,tampangnya halus.,1,0
664,tampangnya seperti Hello Kitty .,tampangnya garang.,tampangnya halus.,1,1
665,tampangnya seperti Hello Kitty .,tampangnya garang.,tampangnya halus.,1,1
666,tampangnya seperti Hello Kitty .,tampangnya garang.,tampangnya halus.,1,1
667,tampangnya seperti Hello Kitty .,tampangnya garang.,tampangnya halus.,1,1
668,tampangnya seperti Hello Kitty .,tampangnya garang.,tampangnya halus.,1,0
669,tampangnya seperti Hello Kitty .,tampangnya garang.,tampangnya halus.,1,1
670,tampangnya seperti Hello Kitty .,tampangnya garang.,tampangnya halus.,1,0
671,tampangnya seperti Hello Kitty .,tampangnya garang.,tampangnya halus.,1,0
672,tampangnya seperti Hello Kitty .,tampangnya garang.,tampangnya halus.,1,0
673,tampangnya seperti Hello Kitty .,tampangnya garang.,tampangnya halus.,1,1
674,tampangnya seperti Hello Kitty .,tampangnya garang.,tampangnya halus.,1,0
675,tampangnya seperti Hello Kitty .,tampangnya garang.,tampangnya halus.,1,0
676,tampangnya seperti Hello Kitty .,tampangnya garang.,tampangnya halus.,1,1
677,tampangnya seperti Hello Kitty .,tampangnya garang.,tampangnya halus.,1,0
678,tampangnya seperti Hello Kitty .,tampangnya garang.,tampangnya halus.,1,1
679,tampangnya seperti Hello Kitty .,tampangnya garang.,tampangnya halus.,1,0
680,tampangnya seperti Hello Kitty .,tampangnya garang.,tampangnya halus.,1,0
681,tampangnya seperti Hello Kitty .,tampangnya garang.,tampangnya halus.,1,0
682,tampangnya seperti Hello Kitty .,tampangnya garang.,tampangnya halus.,1,1
683,tampangnya seperti Hello Kitty .,tampangnya garang.,tampangnya halus.,1,0
684,tampangnya seperti Hello Kitty .,tampangnya garang.,tampangnya halus.,1,1
685,tampangnya seperti Hello Kitty .,tampangnya garang.,tampangnya halus.,1,1
686,tampangnya seperti Hello Kitty .,tampangnya garang.,tampangnya halus.,1,0
687,tampangnya seperti Hello Kitty .,tampangnya garang.,tampangnya halus.,1,0
688,tampangnya seperti Hello Kitty .,tampangnya garang.,tampangnya halus.,1,0
689,tampangnya seperti Hello Kitty .,tampangnya garang.,tampangnya halus.,1,0
690,tampangnya seperti Hello Kitty .,tampangnya garang.,tampangnya halus.,1,0
691,tampangnya seperti Hello Kitty .,tampangnya garang.,tampangnya halus.,1,0
692,tampangnya seperti Hello Kitty .,tampangnya garang.,tampangnya halus.,1,0
693,tampangnya seperti Hello Kitty .,tampangnya garang.,tampangnya halus.,1,0
694,tampangnya seperti Hello Kitty .,tampangnya garang.,tampangnya halus.,1,0
695,tampangnya seperti Hello Kitty .,tampangnya garang.,tampangnya halus.,1,0
696,tampangnya seperti Hello Kitty .,tampangnya garang.,tampangnya halus.,1,0
697,tampangnya seperti Hello Kitty .,tampangnya garang.,tampangnya halus.,1,0
698,tampangnya seperti Hello Kitty .,tampangnya garang.,tampangnya halus.,1,1
699,tampangnya seperti Hello Kitty .,tampangnya garang.,tampangnya halus.,1,1
700,tampangnya seperti Hello Kitty .,tampangnya garang.,tampangnya halus.,1,0
701,tampangnya seperti Hello Kitty .,tampangnya garang.,tampangnya halus.,1,0
702,tampangnya seperti Hello Kitty .,tampangnya garang.,tampangnya halus.,1,0
703,tampangnya seperti Hello Kitty .,tampangnya garang.,tampangnya halus.,1,0
704,tampangnya seperti Hello Kitty .,tampangnya garang.,tampangnya halus.,1,1
705,tampangnya seperti Hello Kitty .,tampangnya garang.,tampangnya halus.,1,1
706,tampangnya seperti Hello Kitty .,tampangnya garang.,tampangnya halus.,1,0
707,tampangnya seperti Hello Kitty .,tampangnya garang.,tampangnya halus.,1,1
708,tampangnya seperti Hello Kitty .,tampangnya garang.,tampangnya halus.,1,0
709,tampangnya seperti Hello Kitty .,tampangnya garang.,tampangnya halus.,1,0
710,tampangnya seperti Hello Kitty .,tampangnya garang.,tampangnya halus.,1,0
711,tampangnya seperti Hello Kitty .,tampangnya garang.,tampangnya halus.,1,0
712,tampangnya seperti Hello Kitty .,tampangnya garang.,tampangnya halus.,1,0
713,tampangnya seperti Hello Kitty .,tampangnya garang.,tampangnya halus.,1,0
714,tampangnya seperti Hello Kitty .,tampangnya garang.,tampangnya halus.,1,1
715,tampangnya seperti Hello Kitty .,tampangnya garang.,tampangnya halus.,1,0
716,tampangnya seperti Hello Kitty .,tampangnya garang.,tampangnya halus.,1,1
717,tampangnya seperti Hello Kitty .,tampangnya garang.,tampangnya halus.,1,0
718,tampangnya seperti Hello Kitty .,tampangnya garang.,tampangnya halus.,1,1
719,tampangnya seperti Hello Kitty .,tampangnya garang.,tampangnya halus.,1,0
720,tampangnya seperti Hello Kitty .,tampangnya garang.,tampangnya halus.,1,0
721,tampangnya seperti Hello Kitty .,tampangnya garang.,tampangnya halus.,1,0
722,tampangnya seperti Hello Kitty .,tampangnya garang.,tampangnya halus.,1,0
723,tampangnya seperti Hello Kitty .,tampangnya garang.,tampangnya halus.,1,0
724,tampangnya seperti Hello Kitty .,tampangnya garang.,tampangnya halus.,1,1
725,tampangnya seperti Hello Kitty .,tampangnya garang.,tampangnya halus.,1,0
726,tampangnya seperti Hello Kitty .,tampangnya garang.,tampangnya halus.,1,0
727,tampangnya seperti Hello Kitty .,tampangnya garang.,tampangnya halus.,1,0
728,tampangnya seperti Hello Kitty .,tampangnya garang.,tampangnya halus.,1,0
729,tampangnya seperti Hello Kitty .,tampangnya garang.,tampangnya halus.,1,0
730,tampangnya seperti Hello Kitty .,tampangnya garang.,tampangnya halus.,1,0
731,tampangnya seperti Hello Kitty .,tampangnya garang.,tampangnya halus.,1,0
732,tampangnya seperti Hello Kitty .,tampangnya garang.,tampangnya halus.,1,1
733,tampangnya seperti Hello Kitty .,tampangnya garang.,tampangnya halus.,1,1
734,tampangnya seperti Hello Kitty .,tampangnya garang.,tampangnya halus.,1,0
735,tampangnya seperti Hello Kitty .,tampangnya garang.,tampangnya halus.,1,0
736,tampangnya seperti Hello Kitty .,tampangnya garang.,tampangnya halus.,1,0
737,tampangnya seperti Hello Kitty .,tampangnya garang.,tampangnya halus.,1,0
738,tampangnya seperti Hello Kitty .,tampangnya garang.,tampangnya halus.,1,0
739,tampangnya seperti Hello Kitty .,tampangnya garang.,tampangnya halus.,1,0
740,tampangnya seperti Hello Kitty .,tampangnya garang.,tampangnya halus.,1,0
741,tampangnya seperti Hello Kitty .,tampangnya garang.,tampangnya halus.,1,0
742,tampangnya seperti Hello Kitty .,tampangnya garang.,tampangnya halus.,1,0
743,tampangnya seperti Hello Kitty .,tampangnya garang.,tampangnya halus.,1,0
744,tampangnya seperti Hello Kitty .,tampangnya garang.,tampangnya halus.,1,0
745,tampangnya seperti Hello Kitty .,tampangnya garang.,tampangnya halus.,1,0
746,tampangnya seperti Hello Kitty .,tampangnya garang.,tampangnya halus.,1,0
747,tampangnya seperti Hello Kitty .,tampangnya garang.,tampangnya halus.,1,0
748,tampangnya seperti Hello Kitty .,tampangnya garang.,tampangnya halus.,1,0
749,tampangnya seperti Hello Kitty .,tampangnya garang.,tampangnya halus.,1,0
750,tampangnya seperti Hello Kitty .,tampangnya garang.,tampangnya halus.,1,0
751,tampangnya seperti Hello Kitty .,tampangnya garang.,tampangnya halus.,1,0
752,tampangnya seperti Hello Kitty .,tampangnya garang.,tampangnya halus.,1,0
753,tampangnya seperti Hello Kitty .,tampangnya garang.,tampangnya halus.,1,0
754,tampangnya seperti Hello Kitty .,tampangnya garang.,tampangnya halus.,1,0
755,tampangnya seperti Hello Kitty .,tampangnya garang.,tampangnya halus.,1,0
756,tampangnya seperti Hello Kitty .,tampangnya garang.,tampangnya halus.,1,1
757,tampangnya seperti Hello Kitty .,tampangnya garang.,tampangnya halus.,1,0
758,tampangnya seperti Hello Kitty .,tampangnya garang.,tampangnya halus.,1,0
759,tampangnya seperti Hello Kitty .,tampangnya garang.,tampangnya halus.,1,0
760,tampangnya seperti Hello Kitty .,tampangnya garang.,tampangnya halus.,1,0
761,tampangnya seperti Hello Kitty .,tampangnya garang.,tampangnya halus.,1,0
762,tampangnya seperti Hello Kitty .,tampangnya garang.,tampangnya halus.,1,0
763,tampangnya seperti Hello Kitty .,tampangnya garang.,tampangnya halus.,1,0
764,tampangnya seperti Hello Kitty .,tampangnya garang.,tampangnya halus.,1,0
765,tampangnya seperti Hello Kitty .,tampangnya garang.,tampangnya halus.,1,1
766,tampangnya seperti Hello Kitty .,tampangnya garang.,tampangnya halus.,1,0
767,tampangnya seperti Hello Kitty .,tampangnya garang.,tampangnya halus.,1,1
768,tampangnya seperti Hello Kitty .,tampangnya garang.,tampangnya halus.,1,1
769,tampangnya seperti Hello Kitty .,tampangnya garang.,tampangnya halus.,1,1
770,tampangnya seperti Hello Kitty .,tampangnya garang.,tampangnya halus.,1,1
771,tampangnya seperti Hello Kitty .,tampangnya garang.,tampangnya halus.,1,1
772,tampangnya seperti Hello Kitty .,tampangnya garang.,tampangnya halus.,1,1
773,tampangnya seperti Hello Kitty .,tampangnya garang.,tampangnya halus.,1,1
774,tampangnya seperti Hello Kitty .,tampangnya garang.,tampangnya halus.,1,1
775,tampangnya seperti Hello Kitty .,tampangnya garang.,tampangnya halus.,1,1
776,tampangnya seperti Hello Kitty .,tampangnya garang.,tampangnya halus.,1,1
777,tampangnya seperti Hello Kitty .,tampangnya garang.,tampangnya halus.,1,1
778,tampangnya seperti Hello Kitty .,tampangnya garang.,tampangnya halus.,1,0
779,tampangnya seperti Hello Kitty .,tampangnya garang.,tampangnya halus.,1,1
780,tampangnya seperti Hello Kitty .,tampangnya garang.,tampangnya halus.,1,1
781,tampangnya seperti Hello Kitty .,tampangnya garang.,tampangnya halus.,1,1
782,tampangnya seperti Hello Kitty .,tampangnya garang.,tampangnya halus.,1,1
783,tampangnya seperti Hello Kitty .,tampangnya garang.,tampangnya halus.,1,1
784,tampangnya seperti Hello Kitty .,tampangnya garang.,tampangnya halus.,1,1
785,tampangnya seperti Hello Kitty .,tampangnya garang.,tampangnya halus.,1,1
786,tampangnya seperti Hello Kitty .,tampangnya garang.,tampangnya halus.,1,1
787,tampangnya seperti Hello Kitty .,tampangnya garang.,tampangnya halus.,1,1
788,tampangnya seperti Hello Kitty .,tampangnya garang.,tampangnya halus.,1,0
789,tampangnya seperti Hello Kitty .,tampangnya garang.,tampangnya halus.,1,0
790,tampangnya seperti Hello Kitty .,tampangnya garang.,tampangnya halus.,1,1
791,tampangnya seperti Hello Kitty .,tampangnya garang.,tampangnya halus.,1,1
792,tampangnya seperti Hello Kitty .,tampangnya garang.,tampangnya halus.,1,1
793,tampangnya seperti Hello Kitty .,tampangnya garang.,tampangnya halus.,1,1
794,tampangnya seperti Hello Kitty .,tampangnya garang.,tampangnya halus.,1,1
795,tampangnya seperti Hello Kitty .,tampangnya garang.,tampangnya halus.,1,1
796,tampangnya seperti Hello Kitty .,tampangnya garang.,tampangnya halus.,1,1
797,tampangnya seperti Hello Kitty .,tampangnya garang.,tampangnya halus.,1,1
798,tampangnya seperti Hello Kitty .,tampangnya garang.,tampangnya halus.,1,0
799,tampangnya seperti Hello Kitty .,tampangnya garang.,tampangnya halus.,1,0
800,tampangnya seperti Hello Kitty .,tampangnya garang.,tampangnya halus.,1,0
801,tampangnya seperti Hello Kitty .,tampangnya garang.,tampangnya halus.,1,1
802,tampangnya seperti Hello Kitty .,tampangnya garang.,tampangnya halus.,1,0
803,tampangnya seperti Hello Kitty .,tampangnya garang.,tampangnya halus.,1,0
804,tampangnya seperti Hello Kitty .,tampangnya garang.,tampangnya halus.,1,1
805,tampangnya seperti Hello Kitty .,tampangnya garang.,tampangnya halus.,1,1
806,tampangnya seperti Hello Kitty .,tampangnya garang.,tampangnya halus.,1,1
807,tampangnya seperti Hello Kitty .,tampangnya garang.,tampangnya halus.,1,1
808,tampangnya seperti Hello Kitty .,tampangnya garang.,tampangnya halus.,1,0
809,tampangnya seperti Hello Kitty .,tampangnya garang.,tampangnya halus.,1,0
810,tampangnya seperti Hello Kitty .,tampangnya garang.,tampangnya halus.,1,1
811,tampangnya seperti Hello Kitty .,tampangnya garang.,tampangnya halus.,1,1
812,tampangnya seperti Hello Kitty .,tampangnya garang.,tampangnya halus.,1,1
813,tampangnya seperti Hello Kitty .,tampangnya garang.,tampangnya halus.,1,0
814,tampangnya seperti Hello Kitty .,tampangnya garang.,tampangnya halus.,1,0
815,tampangnya seperti Hello Kitty .,tampangnya garang.,tampangnya halus.,1,0
816,tampangnya seperti Hello Kitty .,tampangnya garang.,tampangnya halus.,1,1
817,tampangnya seperti Hello Kitty .,tampangnya garang.,tampangnya halus.,1,1
818,tampangnya seperti Hello Kitty .,tampangnya garang.,tampangnya halus.,1,0
819,tampangnya seperti Hello Kitty .,tampangnya garang.,tampangnya halus.,1,0
820,tampangnya seperti Hello Kitty .,tampangnya garang.,tampangnya halus.,1,1
821,tampangnya seperti Hello Kitty .,tampangnya garang.,tampangnya halus.,1,1
822,tampangnya seperti Hello Kitty .,tampangnya garang.,tampangnya halus.,1,1
823,tampangnya seperti Hello Kitty .,tampangnya garang.,tampangnya halus.,1,1
824,tampangnya seperti Hello Kitty .,tampangnya garang.,tampangnya halus.,1,0
825,tampangnya seperti Hello Kitty .,tampangnya garang.,tampangnya halus.,1,1
826,tampangnya seperti Hello Kitty .,tampangnya garang.,tampangnya halus.,1,1
827,tampangnya seperti Hello Kitty .,tampangnya garang.,tampangnya halus.,1,1
828,tampangnya seperti Hello Kitty .,tampangnya garang.,tampangnya halus.,1,1
829,tampangnya seperti Hello Kitty .,tampangnya garang.,tampangnya halus.,1,1
830,tampangnya seperti Hello Kitty .,tampangnya garang.,tampangnya halus.,1,0
831,tampangnya seperti Hello Kitty .,tampangnya garang.,tampangnya halus.,1,0
832,tampangnya seperti Hello Kitty .,tampangnya garang.,tampangnya halus.,1,1
833,tampangnya seperti Hello Kitty .,tampangnya garang.,tampangnya halus.,1,1
834,tampangnya seperti Hello Kitty .,tampangnya garang.,tampangnya halus.,1,1
835,tampangnya seperti Hello Kitty .,tampangnya garang.,tampangnya halus.,1,1
836,tampangnya seperti Hello Kitty .,tampangnya garang.,tampangnya halus.,1,1
837,tampangnya seperti Hello Kitty .,tampangnya garang.,tampangnya halus.,1,1
838,tampangnya seperti Hello Kitty .,tampangnya garang.,tampangnya halus.,1,1
839,tampangnya seperti Hello Kitty .,tampangnya garang.,tampangnya halus.,1,1
840,tampangnya seperti Hello Kitty .,tampangnya garang.,tampangnya halus.,1,1
841,tampangnya seperti Hello Kitty .,tampangnya garang.,tampangnya halus.,1,1
842,tampangnya seperti Hello Kitty .,tampangnya garang.,tampangnya halus.,1,1
843,tampangnya seperti Hello Kitty .,tampangnya garang.,tampangnya halus.,1,1
844,tampangnya seperti Hello Kitty .,tampangnya garang.,tampangnya halus.,1,0
845,tampangnya seperti Hello Kitty .,tampangnya garang.,tampangnya halus.,1,0
846,tampangnya seperti Hello Kitty .,tampangnya garang.,tampangnya halus.,1,1
847,tampangnya seperti Hello Kitty .,tampangnya garang.,tampangnya halus.,1,1
848,tampangnya seperti Hello Kitty .,tampangnya garang.,tampangnya halus.,1,0
849,tampangnya seperti Hello Kitty .,tampangnya garang.,tampangnya halus.,1,0
850,tampangnya seperti Hello Kitty .,tampangnya garang.,tampangnya halus.,1,0
851,tampangnya seperti Hello Kitty .,tampangnya garang.,tampangnya halus.,1,0
852,tampangnya seperti Hello Kitty .,tampangnya garang.,tampangnya halus.,1,0
853,tampangnya seperti Hello Kitty .,tampangnya garang.,tampangnya halus.,1,0
854,tampangnya seperti Hello Kitty .,tampangnya garang.,tampangnya halus.,1,0
855,tampangnya seperti Hello Kitty .,tampangnya garang.,tampangnya halus.,1,0
856,tampangnya seperti Hello Kitty .,tampangnya garang.,tampangnya halus.,1,0
857,tampangnya seperti Hello Kitty .,tampangnya garang.,tampangnya halus.,1,0
858,tampangnya seperti Hello Kitty .,tampangnya garang.,tampangnya halus.,1,0
859,tampangnya seperti Hello Kitty .,tampangnya garang.,tampangnya halus.,1,0
860,tampangnya seperti Hello Kitty .,tampangnya garang.,tampangnya halus.,1,0
861,tampangnya seperti Hello Kitty .,tampangnya garang.,tampangnya halus.,1,0
862,tampangnya seperti Hello Kitty .,tampangnya garang.,tampangnya halus.,1,0
863,tampangnya seperti Hello Kitty .,tampangnya garang.,tampangnya halus.,1,0
864,tampangnya seperti Hello Kitty .,tampangnya garang.,tampangnya halus.,1,1
865,tampangnya seperti Hello Kitty .,tampangnya garang.,tampangnya halus.,1,1
866,tampangnya seperti Hello Kitty .,tampangnya garang.,tampangnya halus.,1,1
867,tampangnya seperti Hello Kitty .,tampangnya garang.,tampangnya halus.,1,1
868,tampangnya seperti Hello Kitty .,tampangnya garang.,tampangnya halus.,1,0
869,tampangnya seperti Hello Kitty .,tampangnya garang.,tampangnya halus.,1,0
870,tampangnya seperti Hello Kitty .,tampangnya garang.,tampangnya halus.,1,0
871,tampangnya seperti Hello Kitty .,tampangnya garang.,tampangnya halus.,1,0
872,tampangnya seperti Hello Kitty .,tampangnya garang.,tampangnya halus.,1,0
873,tampangnya seperti Hello Kitty .,tampangnya garang.,tampangnya halus.,1,0
874,tampangnya seperti Hello Kitty .,tampangnya garang.,tampangnya halus.,1,1
875,tampangnya seperti Hello Kitty .,tampangnya garang.,tampangnya halus.,1,1
876,tampangnya seperti Hello Kitty .,tampangnya garang.,tampangnya halus.,1,1
877,tampangnya seperti Hello Kitty .,tampangnya garang.,tampangnya halus.,1,1
878,tampangnya seperti Hello Kitty .,tampangnya garang.,tampangnya halus.,1,1
879,tampangnya seperti Hello Kitty .,tampangnya garang.,tampangnya halus.,1,1
880,tampangnya seperti Hello Kitty .,tampangnya garang.,tampangnya halus.,1,0
881,tampangnya seperti Hello Kitty .,tampangnya garang.,tampangnya halus.,1,0
882,tampangnya seperti Hello Kitty .,tampangnya garang.,tampangnya halus.,1,0
883,tampangnya seperti Hello Kitty .,tampangnya garang.,tampangnya halus.,1,0
884,tampangnya seperti Hello Kitty .,tampangnya garang.,tampangnya halus.,1,0
885,tampangnya seperti Hello Kitty .,tampangnya garang.,tampangnya halus.,1,1
886,tampangnya seperti Hello Kitty .,tampangnya garang.,tampangnya halus.,1,1
887,tampangnya seperti Hello Kitty .,tampangnya garang.,tampangnya halus.,1,0
888,tampangnya seperti Hello Kitty .,tampangnya garang.,tampangnya halus.,1,1
889,tampangnya seperti Hello Kitty .,tampangnya garang.,tampangnya halus.,1,0
890,tampangnya seperti Hello Kitty .,tampangnya garang.,tampangnya halus.,1,0
891,tampangnya seperti Hello Kitty .,tampangnya garang.,tampangnya halus.,1,1
892,tampangnya seperti Hello Kitty .,tampangnya garang.,tampangnya halus.,1,0
893,tampangnya seperti Hello Kitty .,tampangnya garang.,tampangnya halus.,1,0
894,tampangnya seperti Hello Kitty .,tampangnya garang.,tampangnya halus.,1,0
895,tampangnya seperti Hello Kitty .,tampangnya garang.,tampangnya halus.,1,1
896,tampangnya seperti Hello Kitty .,tampangnya garang.,tampangnya halus.,1,0
897,tampangnya seperti Hello Kitty .,tampangnya garang.,tampangnya halus.,1,1
898,tampangnya seperti Hello Kitty .,tampangnya garang.,tampangnya halus.,1,0
899,tampangnya seperti Hello Kitty .,tampangnya garang.,tampangnya halus.,1,0
900,tampangnya seperti Hello Kitty .,tampangnya garang.,tampangnya halus.,1,1
901,tampangnya seperti Hello Kitty .,tampangnya garang.,tampangnya halus.,1,0
902,tampangnya seperti Hello Kitty .,tampangnya garang.,tampangnya halus.,1,0
903,tampangnya seperti Hello Kitty .,tampangnya garang.,tampangnya halus.,1,0
904,tampangnya seperti Hello Kitty .,tampangnya garang.,tampangnya halus.,1,0
905,tampangnya seperti Hello Kitty .,tampangnya garang.,tampangnya halus.,1,0
906,tampangnya seperti Hello Kitty .,tampangnya garang.,tampangnya halus.,1,1
907,tampangnya seperti Hello Kitty .,tampangnya garang.,tampangnya halus.,1,1
908,tampangnya seperti Hello Kitty .,tampangnya garang.,tampangnya halus.,1,0
909,tampangnya seperti Hello Kitty .,tampangnya garang.,tampangnya halus.,1,0
910,tampangnya seperti Hello Kitty .,tampangnya garang.,tampangnya halus.,1,1
911,tampangnya seperti Hello Kitty .,tampangnya garang.,tampangnya halus.,1,0
912,tampangnya seperti Hello Kitty .,tampangnya garang.,tampangnya halus.,1,0
913,tampangnya seperti Hello Kitty .,tampangnya garang.,tampangnya halus.,1,1
914,tampangnya seperti Hello Kitty .,tampangnya garang.,tampangnya halus.,1,0
915,tampangnya seperti Hello Kitty .,tampangnya garang.,tampangnya halus.,1,1
916,tampangnya seperti Hello Kitty .,tampangnya garang.,tampangnya halus.,1,0
917,tampangnya seperti Hello Kitty .,tampangnya garang.,tampangnya halus.,1,0
918,tampangnya seperti Hello Kitty .,tampangnya garang.,tampangnya halus.,1,1
919,tampangnya seperti Hello Kitty .,tampangnya garang.,tampangnya halus.,1,0
920,tampangnya seperti Hello Kitty .,tampangnya garang.,tampangnya halus.,1,1
921,tampangnya seperti Hello Kitty .,tampangnya garang.,tampangnya halus.,1,1
922,tampangnya seperti Hello Kitty .,tampangnya garang.,tampangnya halus.,1,1
923,tampangnya seperti Hello Kitty .,tampangnya garang.,tampangnya halus.,1,1
924,tampangnya seperti Hello Kitty .,tampangnya garang.,tampangnya halus.,1,0
925,tampangnya seperti Hello Kitty .,tampangnya garang.,tampangnya halus.,1,0
926,tampangnya seperti Hello Kitty .,tampangnya garang.,tampangnya halus.,1,1
927,tampangnya seperti Hello Kitty .,tampangnya garang.,tampangnya halus.,1,1
928,tampangnya seperti Hello Kitty .,tampangnya garang.,tampangnya halus.,1,0
929,tampangnya seperti Hello Kitty .,tampangnya garang.,tampangnya halus.,1,0
930,tampangnya seperti Hello Kitty .,tampangnya garang.,tampangnya halus.,1,1
931,tampangnya seperti Hello Kitty .,tampangnya garang.,tampangnya halus.,1,1
932,tampangnya seperti Hello Kitty .,tampangnya garang.,tampangnya halus.,1,1
933,tampangnya seperti Hello Kitty .,tampangnya garang.,tampangnya halus.,1,1
934,tampangnya seperti Hello Kitty .,tampangnya garang.,tampangnya halus.,1,1
935,tampangnya seperti Hello Kitty .,tampangnya garang.,tampangnya halus.,1,1
936,tampangnya seperti Hello Kitty .,tampangnya garang.,tampangnya halus.,1,0
937,tampangnya seperti Hello Kitty .,tampangnya garang.,tampangnya halus.,1,1
938,tampangnya seperti Hello Kitty .,tampangnya garang.,tampangnya halus.,1,0
939,tampangnya seperti Hello Kitty .,tampangnya garang.,tampangnya halus.,1,1
940,tampangnya seperti Hello Kitty .,tampangnya garang.,tampangnya halus.,1,1
941,tampangnya seperti Hello Kitty .,tampangnya garang.,tampangnya halus.,1,0
942,tampangnya seperti Hello Kitty .,tampangnya garang.,tampangnya halus.,1,0
943,tampangnya seperti Hello Kitty .,tampangnya garang.,tampangnya halus.,1,0
944,tampangnya seperti Hello Kitty .,tampangnya garang.,tampangnya halus.,1,0
945,tampangnya seperti Hello Kitty .,tampangnya garang.,tampangnya halus.,1,0
946,tampangnya seperti Hello Kitty .,tampangnya garang.,tampangnya halus.,1,1
947,tampangnya seperti Hello Kitty .,tampangnya garang.,tampangnya halus.,1,1
948,tampangnya seperti Hello Kitty .,tampangnya garang.,tampangnya halus.,1,0
949,tampangnya seperti Hello Kitty .,tampangnya garang.,tampangnya halus.,1,0
950,tampangnya seperti Hello Kitty .,tampangnya garang.,tampangnya halus.,1,0
951,tampangnya seperti Hello Kitty .,tampangnya garang.,tampangnya halus.,1,0
952,tampangnya seperti Hello Kitty .,tampangnya garang.,tampangnya halus.,1,1
953,tampangnya seperti Hello Kitty .,tampangnya garang.,tampangnya halus.,1,1
954,tampangnya seperti Hello Kitty .,tampangnya garang.,tampangnya halus.,1,0
955,tampangnya seperti Hello Kitty .,tampangnya garang.,tampangnya halus.,1,0
956,tampangnya seperti Hello Kitty .,tampangnya garang.,tampangnya halus.,1,1
957,tampangnya seperti Hello Kitty .,tampangnya garang.,tampangnya halus.,1,0
958,tampangnya seperti Hello Kitty .,tampangnya garang.,tampangnya halus.,1,0
959,tampangnya seperti Hello Kitty .,tampangnya garang.,tampangnya halus.,1,0
960,tampangnya seperti Hello Kitty .,tampangnya garang.,tampangnya halus.,1,1
961,tampangnya seperti Hello Kitty .,tampangnya garang.,tampangnya halus.,1,1
962,tampangnya seperti Hello Kitty .,tampangnya garang.,tampangnya halus.,1,1
963,tampangnya seperti Hello Kitty .,tampangnya garang.,tampangnya halus.,1,0
964,tampangnya seperti Hello Kitty .,tampangnya garang.,tampangnya halus.,1,1
965,tampangnya seperti Hello Kitty .,tampangnya garang.,tampangnya halus.,1,0
966,tampangnya seperti Hello Kitty .,tampangnya garang.,tampangnya halus.,1,0
967,tampangnya seperti Hello Kitty .,tampangnya garang.,tampangnya halus.,1,1
968,tampangnya seperti Hello Kitty .,tampangnya garang.,tampangnya halus.,1,0
969,tampangnya seperti Hello Kitty .,tampangnya garang.,tampangnya halus.,1,1
970,tampangnya seperti Hello Kitty .,tampangnya garang.,tampangnya halus.,1,0
971,tampangnya seperti Hello Kitty .,tampangnya garang.,tampangnya halus.,1,0
972,tampangnya seperti Hello Kitty .,tampangnya garang.,tampangnya halus.,1,1
973,tampangnya seperti Hello Kitty .,tampangnya garang.,tampangnya halus.,1,1
974,tampangnya seperti Hello Kitty .,tampangnya garang.,tampangnya halus.,1,0
975,tampangnya seperti Hello Kitty .,tampangnya garang.,tampangnya halus.,1,1
976,tampangnya seperti Hello Kitty .,tampangnya garang.,tampangnya halus.,1,0
977,tampangnya seperti Hello Kitty .,tampangnya garang.,tampangnya halus.,1,1
978,tampangnya seperti Hello Kitty .,tampangnya garang.,tampangnya halus.,1,1
979,tampangnya seperti Hello Kitty .,tampangnya garang.,tampangnya halus.,1,0
980,tampangnya seperti Hello Kitty .,tampangnya garang.,tampangnya halus.,1,0
981,tampangnya seperti Hello Kitty .,tampangnya garang.,tampangnya halus.,1,1
982,tampangnya seperti Hello Kitty .,tampangnya garang.,tampangnya halus.,1,1
983,tampangnya seperti Hello Kitty .,tampangnya garang.,tampangnya halus.,1,1
984,tampangnya seperti Hello Kitty .,tampangnya garang.,tampangnya halus.,1,0
985,tampangnya seperti Hello Kitty .,tampangnya garang.,tampangnya halus.,1,1
986,tampangnya seperti Hello Kitty .,tampangnya garang.,tampangnya halus.,1,1
987,tampangnya seperti Hello Kitty .,tampangnya garang.,tampangnya halus.,1,1
988,tampangnya seperti Hello Kitty .,tampangnya garang.,tampangnya halus.,1,0
989,tampangnya seperti Hello Kitty .,tampangnya garang.,tampangnya halus.,1,0
990,tampangnya seperti Hello Kitty .,tampangnya garang.,tampangnya halus.,1,0
991,tampangnya seperti Hello Kitty .,tampangnya garang.,tampangnya halus.,1,0
992,tampangnya seperti Hello Kitty .,tampangnya garang.,tampangnya halus.,1,1
993,tampangnya seperti Hello Kitty .,tampangnya garang.,tampangnya halus.,1,0
994,tampangnya seperti Hello Kitty .,tampangnya garang.,tampangnya halus.,1,0
995,tampangnya seperti Hello Kitty .,tampangnya garang.,tampangnya halus.,1,0
996,tampangnya seperti Hello Kitty .,tampangnya garang.,tampangnya halus.,1,1
997,tampangnya seperti Hello Kitty .,tampangnya garang.,tampangnya halus.,1,0
998,tampangnya seperti Hello Kitty .,tampangnya garang.,tampangnya halus.,1,0
999,tampangnya seperti Hello Kitty .,tampangnya garang.,tampangnya halus.,1,0
1000,tampangnya seperti Hello Kitty .,tampangnya garang.,tampangnya halus.,1,1
1001,tampangnya seperti Hello Kitty .,tampangnya garang.,tampangnya halus.,1,1
1002,tampangnya seperti Hello Kitty .,tampangnya garang.,tampangnya halus.,1,1
1003,tampangnya seperti Hello Kitty .,tampangnya garang.,tampangnya halus.,1,1
1004,tampangnya seperti Hello Kitty .,tampangnya garang.,tampangnya halus.,1,1
1005,tampangnya seperti Hello Kitty .,tampangnya garang.,tampangnya halus.,1,1
1006,tampangnya seperti Hello Kitty .,tampangnya garang.,tampangnya halus.,1,0
1007,tampangnya seperti Hello Kitty .,tampangnya garang.,tampangnya halus.,1,0
1008,tampangnya seperti Hello Kitty .,tampangnya garang.,tampangnya halus.,1,0
1009,tampangnya seperti Hello Kitty .,tampangnya garang.,tampangnya halus.,1,0
1010,tampangnya seperti Hello Kitty .,tampangnya garang.,tampangnya halus.,1,0
1011,tampangnya seperti Hello Kitty .,tampangnya garang.,tampangnya halus.,1,0
1012,tampangnya seperti Hello Kitty .,tampangnya garang.,tampangnya halus.,1,1
1013,tampangnya seperti Hello Kitty .,tampangnya garang.,tampangnya halus.,1,0
1014,tampangnya seperti Hello Kitty .,tampangnya garang.,tampangnya halus.,1,0
1015,tampangnya seperti Hello Kitty .,tampangnya garang.,tampangnya halus.,1,0
1016,tampangnya seperti Hello Kitty .,tampangnya garang.,tampangnya halus.,1,1
1017,tampangnya seperti Hello Kitty .,tampangnya garang.,tampangnya halus.,1,0
1018,tampangnya seperti Hello Kitty .,tampangnya garang.,tampangnya halus.,1,0
1019,tampangnya seperti Hello Kitty .,tampangnya garang.,tampangnya halus.,1,0
1020,tampangnya seperti Hello Kitty .,tampangnya garang.,tampangnya halus.,1,0
1021,tampangnya seperti Hello Kitty .,tampangnya garang.,tampangnya halus.,1,0
1022,tampangnya seperti Hello Kitty .,tampangnya garang.,tampangnya halus.,1,0
1023,tampangnya seperti Hello Kitty .,tampangnya garang.,tampangnya halus.,1,0
1024,tampangnya seperti Hello Kitty .,tampangnya garang.,tampangnya halus.,1,1
1025,tampangnya seperti Hello Kitty .,tampangnya garang.,tampangnya halus.,1,1
1026,tampangnya seperti Hello Kitty .,tampangnya garang.,tampangnya halus.,1,1
1027,tampangnya seperti Hello Kitty .,tampangnya garang.,tampangnya halus.,1,1
1028,tampangnya seperti Hello Kitty .,tampangnya garang.,tampangnya halus.,1,1
1029,tampangnya seperti Hello Kitty .,tampangnya garang.,tampangnya halus.,1,1
1030,tampangnya seperti Hello Kitty .,tampangnya garang.,tampangnya halus.,1,0
1031,tampangnya seperti Hello Kitty .,tampangnya garang.,tampangnya halus.,1,1
1032,tampangnya seperti Hello Kitty .,tampangnya garang.,tampangnya halus.,1,0
1033,tampangnya seperti Hello Kitty .,tampangnya garang.,tampangnya halus.,1,0
1034,tampangnya seperti Hello Kitty .,tampangnya garang.,tampangnya halus.,1,0
1035,tampangnya seperti Hello Kitty .,tampangnya garang.,tampangnya halus.,1,0
1036,tampangnya seperti Hello Kitty .,tampangnya garang.,tampangnya halus.,1,0
1037,tampangnya seperti Hello Kitty .,tampangnya garang.,tampangnya halus.,1,1
1038,tampangnya seperti Hello Kitty .,tampangnya garang.,tampangnya halus.,1,1
1039,tampangnya seperti Hello Kitty .,tampangnya garang.,tampangnya halus.,1,0
1040,tampangnya seperti Hello Kitty .,tampangnya garang.,tampangnya halus.,1,1
1041,tampangnya seperti Hello Kitty .,tampangnya garang.,tampangnya halus.,1,0
1042,tampangnya seperti Hello Kitty .,tampangnya garang.,tampangnya halus.,1,1
1043,tampangnya seperti Hello Kitty .,tampangnya garang.,tampangnya halus.,1,1
1044,tampangnya seperti Hello Kitty .,tampangnya garang.,tampangnya halus.,1,1
1045,tampangnya seperti Hello Kitty .,tampangnya garang.,tampangnya halus.,1,1
1046,tampangnya seperti Hello Kitty .,tampangnya garang.,tampangnya halus.,1,1
1047,tampangnya seperti Hello Kitty .,tampangnya garang.,tampangnya halus.,1,1
1048,tampangnya seperti Hello Kitty .,tampangnya garang.,tampangnya halus.,1,1
1049,tampangnya seperti Hello Kitty .,tampangnya garang.,tampangnya halus.,1,1
1050,tampangnya seperti Hello Kitty .,tampangnya garang.,tampangnya halus.,1,0
1051,tampangnya seperti Hello Kitty .,tampangnya garang.,tampangnya halus.,1,1
1052,tampangnya seperti Hello Kitty .,tampangnya garang.,tampangnya halus.,1,1
1053,tampangnya seperti Hello Kitty .,tampangnya garang.,tampangnya halus.,1,1
1054,tampangnya seperti Hello Kitty .,tampangnya garang.,tampangnya halus.,1,1
1055,tampangnya seperti Hello Kitty .,tampangnya garang.,tampangnya halus.,1,1
1056,tampangnya seperti Hello Kitty .,tampangnya garang.,tampangnya halus.,1,0
1057,tampangnya seperti Hello Kitty .,tampangnya garang.,tampangnya halus.,1,0
1058,tampangnya seperti Hello Kitty .,tampangnya garang.,tampangnya halus.,1,1
1059,tampangnya seperti Hello Kitty .,tampangnya garang.,tampangnya halus.,1,1
1060,tampangnya seperti Hello Kitty .,tampangnya garang.,tampangnya halus.,1,1
1061,tampangnya seperti Hello Kitty .,tampangnya garang.,tampangnya halus.,1,0
1062,tampangnya seperti Hello Kitty .,tampangnya garang.,tampangnya halus.,1,0
1063,tampangnya seperti Hello Kitty .,tampangnya garang.,tampangnya halus.,1,0
1064,tampangnya seperti Hello Kitty .,tampangnya garang.,tampangnya halus.,1,0
1065,tampangnya seperti Hello Kitty .,tampangnya garang.,tampangnya halus.,1,0
1066,tampangnya seperti Hello Kitty .,tampangnya garang.,tampangnya halus.,1,0
1067,tampangnya seperti Hello Kitty .,tampangnya garang.,tampangnya halus.,1,0
1068,tampangnya seperti Hello Kitty .,tampangnya garang.,tampangnya halus.,1,0
1069,tampangnya seperti Hello Kitty .,tampangnya garang.,tampangnya halus.,1,0
1070,tampangnya seperti Hello Kitty .,tampangnya garang.,tampangnya halus.,1,0
1071,tampangnya seperti Hello Kitty .,tampangnya garang.,tampangnya halus.,1,0
1072,tampangnya seperti Hello Kitty .,tampangnya garang.,tampangnya halus.,1,0
1073,tampangnya seperti Hello Kitty .,tampangnya garang.,tampangnya halus.,1,1
1074,tampangnya seperti Hello Kitty .,tampangnya garang.,tampangnya halus.,1,1
1075,tampangnya seperti Hello Kitty .,tampangnya garang.,tampangnya halus.,1,1
1076,tampangnya seperti Hello Kitty .,tampangnya garang.,tampangnya halus.,1,1
1077,tampangnya seperti Hello Kitty .,tampangnya garang.,tampangnya halus.,1,0
1078,tampangnya seperti Hello Kitty .,tampangnya garang.,tampangnya halus.,1,0
1079,tampangnya seperti Hello Kitty .,tampangnya garang.,tampangnya halus.,1,0
1080,tampangnya seperti Hello Kitty .,tampangnya garang.,tampangnya halus.,1,1
1081,tampangnya seperti Hello Kitty .,tampangnya garang.,tampangnya halus.,1,1
1082,tampangnya seperti Hello Kitty .,tampangnya garang.,tampangnya halus.,1,1
1083,tampangnya seperti Hello Kitty .,tampangnya garang.,tampangnya halus.,1,1
1084,tampangnya seperti Hello Kitty .,tampangnya garang.,tampangnya halus.,1,1
1085,tampangnya seperti Hello Kitty .,tampangnya garang.,tampangnya halus.,1,1
1086,tampangnya seperti Hello Kitty .,tampangnya garang.,tampangnya halus.,1,0
1087,tampangnya seperti Hello Kitty .,tampangnya garang.,tampangnya halus.,1,0
1088,tampangnya seperti Hello Kitty .,tampangnya garang.,tampangnya halus.,1,0
1089,tampangnya seperti Hello Kitty .,tampangnya garang.,tampangnya halus.,1,1
1090,tampangnya seperti Hello Kitty .,tampangnya garang.,tampangnya halus.,1,1
1091,tampangnya seperti Hello Kitty .,tampangnya garang.,tampangnya halus.,1,1
1092,tampangnya seperti Hello Kitty .,tampangnya garang.,tampangnya halus.,1,0
1093,tampangnya seperti Hello Kitty .,tampangnya garang.,tampangnya halus.,1,1
1094,tampangnya seperti Hello Kitty .,tampangnya garang.,tampangnya halus.,1,1
1095,tampangnya seperti Hello Kitty .,tampangnya garang.,tampangnya halus.,1,1
1096,tampangnya seperti Hello Kitty .,tampangnya garang.,tampangnya halus.,1,0
1097,tampangnya seperti Hello Kitty .,tampangnya garang.,tampangnya halus.,1,0
1098,tampangnya seperti Hello Kitty .,tampangnya garang.,tampangnya halus.,1,1
1099,tampangnya seperti Hello Kitty .,tampangnya garang.,tampangnya halus.,1,1
1100,tampangnya seperti Hello Kitty .,tampangnya garang.,tampangnya halus.,1,0
1101,tampangnya seperti Hello Kitty .,tampangnya garang.,tampangnya halus.,1,0
1102,tampangnya seperti Hello Kitty .,tampangnya garang.,tampangnya halus.,1,0
1103,tampangnya seperti Hello Kitty .,tampangnya garang.,tampangnya halus.,1,0
1104,tampangnya seperti Hello Kitty .,tampangnya garang.,tampangnya halus.,1,0
1105,tampangnya seperti Hello Kitty .,tampangnya garang.,tampangnya halus.,1,0
1106,tampangnya seperti Hello Kitty .,tampangnya garang.,tampangnya halus.,1,0
1107,tampangnya seperti Hello Kitty .,tampangnya garang.,tampangnya halus.,1,0
1108,tampangnya seperti Hello Kitty .,tampangnya garang.,tampangnya halus.,1,1
1109,tampangnya seperti Hello Kitty .,tampangnya garang.,tampangnya halus.,1,1
1110,tampangnya seperti Hello Kitty .,tampangnya garang.,tampangnya halus.,1,1
1111,tampangnya seperti Hello Kitty .,tampangnya garang.,tampangnya halus.,1,1
1112,tampangnya seperti Hello Kitty .,tampangnya garang.,tampangnya halus.,1,1
1113,tampangnya seperti Hello Kitty .,tampangnya garang.,tampangnya halus.,1,1
1114,tampangnya seperti Hello Kitty .,tampangnya garang.,tampangnya halus.,1,0
1115,tampangnya seperti Hello Kitty .,tampangnya garang.,tampangnya halus.,1,0
1116,tampangnya seperti Hello Kitty .,tampangnya garang.,tampangnya halus.,1,1
1117,tampangnya seperti Hello Kitty .,tampangnya garang.,tampangnya halus.,1,1
1118,tampangnya seperti Hello Kitty .,tampangnya garang.,tampangnya halus.,1,1
1119,tampangnya seperti Hello Kitty .,tampangnya garang.,tampangnya halus.,1,0
1120,tampangnya seperti Hello Kitty .,tampangnya garang.,tampangnya halus.,1,1
1121,tampangnya seperti Hello Kitty .,tampangnya garang.,tampangnya halus.,1,1
1122,tampangnya seperti Hello Kitty .,tampangnya garang.,tampangnya halus.,1,1
1123,tampangnya seperti Hello Kitty .,tampangnya garang.,tampangnya halus.,1,1
1124,tampangnya seperti Hello Kitty .,tampangnya garang.,tampangnya halus.,1,0
1125,tampangnya seperti Hello Kitty .,tampangnya garang.,tampangnya halus.,1,1
1126,tampangnya seperti Hello Kitty .,tampangnya garang.,tampangnya halus.,1,0
1127,tampangnya seperti Hello Kitty .,tampangnya garang.,tampangnya halus.,1,0
1128,tampangnya seperti Hello Kitty .,tampangnya garang.,tampangnya halus.,1,1
1129,tampangnya seperti Hello Kitty .,tampangnya garang.,tampangnya halus.,1,1
1130,tampangnya seperti Hello Kitty .,tampangnya garang.,tampangnya halus.,1,1
1131,tampangnya seperti Hello Kitty .,tampangnya garang.,tampangnya halus.,1,1
1132,tampangnya seperti Hello Kitty .,tampangnya garang.,tampangnya halus.,1,0
1133,tampangnya seperti Hello Kitty .,tampangnya garang.,tampangnya halus.,1,0
1134,tampangnya seperti Hello Kitty .,tampangnya garang.,tampangnya halus.,1,1
1135,tampangnya seperti Hello Kitty .,tampangnya garang.,tampangnya halus.,1,1
1136,tampangnya seperti Hello Kitty .,tampangnya garang.,tampangnya halus.,1,0
1137,tampangnya seperti Hello Kitty .,tampangnya garang.,tampangnya halus.,1,0
1138,tampangnya seperti Hello Kitty .,tampangnya garang.,tampangnya halus.,1,0
1139,tampangnya seperti Hello Kitty .,tampangnya garang.,tampangnya halus.,1,0
